"Industry";"region.that.adds";"Region";"RD";"RD.added";"full";"share.from.full";"binary";"share.from.bin";"pc";"sum.from";"sum.to";"thmax";"thmaxpc";"expected";"untapped";"link.rca";"name";"parent";"reg";"dutch.reg";"id";"untapped.com";"value"
"Kringloop Landbouw";"AT34";"NL32";57,92;15,76;0;0;0;0;0;14;3;8,5;0,0025;0,0484;-0,0484;0;"Vorarlberg";"Landbouw, Water en Voedsel";"NL32";"west";"AT34";76,0342;76,0342
"Kringloop Landbouw";"DE24";"NL32";57,92;21,52;0;0;0;0;0;14;16;15;0,0044;0,0854;-0,0854;0;"Oberfranken";"Landbouw, Water en Voedsel";"NL32";"west";"DE24";92,8673;92,8673
"Kringloop Landbouw";"IS01";"NL32";57,92;10,76;0;0;0;0;0;14;1;7,5;0,0022;0,0427;-0,0427;0;"Höfuðborgarsvæði";"Landbouw, Water en Voedsel";"NL32";"west";"IS01";58,0599;58,0599
"Kringloop Landbouw";"FR10";"NL32";57,92;10,49;0;0;0;0;0;14;123;68,5;0,0202;0,3899;-0,3899;0;"Île de France";"Landbouw, Water en Voedsel";"NL32";"west";"FR10";56,776;56,776
"Kringloop Landbouw";"BE21";"NL32";57,92;17,82;0;0;0;0;0;14;42;28;0,0082;0,1594;-0,1594;0;"Prov. Antwerpen";"Landbouw, Water en Voedsel";"NL32";"west";"BE21";82,8816;82,8816
"Kringloop Landbouw";"FR41";"NL32";57,92;8,91;0;0;0;0;0;14;7;10,5;0,0031;0,0598;-0,0598;0;"Lorraine";"Landbouw, Water en Voedsel";"NL32";"west";"FR41";50,3566;50,3566
"Kringloop Landbouw";"CH05";"NL32";57,92;13,71;0;0;0;0;0;14;13;13,5;0,004;0,0769;-0,0769;0;"Ostschweiz";"Landbouw, Water en Voedsel";"NL32";"west";"CH05";68,9016;68,9016
"Kringloop Landbouw";"AT32";"NL32";57,92;9,6;0;0;0;0;0;14;2;8;0,0024;0,0455;-0,0455;0;"Salzburg";"Landbouw, Water en Voedsel";"NL32";"west";"AT32";53,2097;53,2097
"Kringloop Landbouw";"HU33";"NL32";57,92;6,17;0;0;0;0;0;14;0;7;0,0021;0,0399;-0,0399;0;"Dél-Alföld";"Landbouw, Water en Voedsel";"NL32";"west";"HU33";40,0856;40,0856
"Kringloop Landbouw";"ITF1";"NL32";57,92;12,75;0;0;0;0;0;14;4;9;0,0027;0,0512;-0,0512;0;"Abruzzo";"Landbouw, Water en Voedsel";"NL32";"west";"ITF1";65,9058;65,9058
"Kringloop Landbouw";"UKM2";"NL32";57,92;10,83;0;0;0;0;0;14;2;8;0,0024;0,0455;-0,0455;0;"Eastern Scotland";"Landbouw, Water en Voedsel";"NL32";"west";"UKM2";58,3452;58,3452
"Kringloop Landbouw";"ES41";"NL32";57,92;16,18;0;0;0;0;0;14;1;7,5;0,0022;0,0427;-0,0427;0;"Castilla y León";"Landbouw, Water en Voedsel";"NL32";"west";"ES41";77,0328;77,0328
"Kringloop Landbouw";"DEE0";"NL32";57,92;19,67;0;0;0;0;0;14;12;13;0,0038;0,074;-0,074;0;"Sachsen-Anhalt";"Landbouw, Water en Voedsel";"NL32";"west";"DEE0";87,8745;87,8745
"Kringloop Landbouw";"ITH4";"NL32";57,92;21,73;0;0;0;0;0;14;2;8;0,0024;0,0455;-0,0455;0;"Friuli-Venezia Giulia";"Landbouw, Water en Voedsel";"NL32";"west";"ITH4";93,7233;93,7233
"Kringloop Landbouw";"AT33";"NL32";57,92;9,18;0;0;0;0;0;14;5;9,5;0,0028;0,0541;-0,0541;0;"Tirol";"Landbouw, Water en Voedsel";"NL32";"west";"AT33";51,6405;51,6405
"Kringloop Landbouw";"SE22";"NL32";57,92;8,91;0;0;0;0;0;14;15;14,5;0,0043;0,0825;-0,0825;0;"Sydsverige";"Landbouw, Water en Voedsel";"NL32";"west";"SE22";50,3566;50,3566
"Kringloop Landbouw";"AT12";"NL32";57,92;12,68;0;0;0;0;0;14;4;9;0,0027;0,0512;-0,0512;0;"Niederösterreich";"Landbouw, Water en Voedsel";"NL32";"west";"AT12";65,3352;65,3352
"Kringloop Landbouw";"ES70";"NL32";57,92;11,17;0;0;0;0;0;14;0;7;0,0021;0,0399;-0,0399;0;"Canarias";"Landbouw, Water en Voedsel";"NL32";"west";"ES70";61,3409;61,3409
"Kringloop Landbouw";"FR22";"NL32";57,92;20,29;0;0;0;0;0;14;5;9,5;0,0028;0,0541;-0,0541;0;"Picardie";"Landbouw, Water en Voedsel";"NL32";"west";"FR22";90,0143;90,0143
"Kringloop Landbouw";"PL51";"NL32";57,92;10,9;0;0;0;0;0;14;4;9;0,0027;0,0512;-0,0512;0;"Dolnośląskie";"Landbouw, Water en Voedsel";"NL32";"west";"PL51";58,7732;58,7732
"Kringloop Landbouw";"CH06";"NL32";57,92;13,85;0;0;0;0;0;14;20;17;0,005;0,0968;-0,0968;0;"Zentralschweiz";"Landbouw, Water en Voedsel";"NL32";"west";"CH06";69,3295;69,3295
"Kringloop Landbouw";"NL11";"NL32";57,92;11,17;0;0;0;0;0;14;2;8;0,0024;0,0455;-0,0455;0;"Groningen";"Landbouw, Water en Voedsel";"NL32";"west";"NL11";61,3409;61,3409
"Kringloop Landbouw";"FR21";"NL32";57,92;16,31;0;0;0;0;0;14;4;9;0,0027;0,0512;-0,0512;0;"Champagne-Ardenne";"Landbouw, Water en Voedsel";"NL32";"west";"FR21";77,4608;77,4608
"Kringloop Landbouw";"PL43";"NL32";57,92;10,97;0;0;0;0;0;14;2;8;0,0024;0,0455;-0,0455;0;"Lubuskie";"Landbouw, Water en Voedsel";"NL32";"west";"PL43";59,4864;59,4864
"Kringloop Landbouw";"UKH2";"NL32";57,92;5,41;0;0;0;0;0;14;2;8;0,0024;0,0455;-0,0455;0;"Bedfordshire and Hertfordshire";"Landbouw, Water en Voedsel";"NL32";"west";"UKH2";39,2297;39,2297
"Kringloop Landbouw";"UKK1";"NL32";57,92;9,32;0;0;0;0;0;14;5;9,5;0,0028;0,0541;-0,0541;0;"Gloucestershire, Wiltshire and Bristol/Bath area";"Landbouw, Water en Voedsel";"NL32";"west";"UKK1";52,4964;52,4964
"Kringloop Landbouw";"ITF5";"NL32";57,92;7,81;0;0;0;0;0;14;3;8,5;0,0025;0,0484;-0,0484;0;"Basilicata";"Landbouw, Water en Voedsel";"NL32";"west";"ITF5";45,7917;45,7917
"Kringloop Landbouw";"UKJ1";"NL32";57,92;4,59;0;0;0;0;0;14;11;12,5;0,0037;0,0712;-0,0712;0;"Berkshire, Buckinghamshire and Oxfordshire";"Landbouw, Water en Voedsel";"NL32";"west";"UKJ1";36,8046;36,8046
"Kringloop Landbouw";"DE30";"NL32";57,92;8,5;0;0;0;0;0;14;18;16;0,0047;0,0911;-0,0911;0;"Berlin";"Landbouw, Water en Voedsel";"NL32";"west";"DE30";48,5021;48,5021
"Kringloop Landbouw";"NL42";"NL32";57,92;18,16;0;0;0;0;0;14;22;18;0,0053;0,1025;-0,1025;0;"Limburg (NL)";"Landbouw, Water en Voedsel";"NL32";"west";"NL42";83,8802;83,8802
"Kringloop Landbouw";"DE23";"NL32";57,92;17;0;0;0;0;0;14;22;18;0,0053;0,1025;-0,1025;0;"Oberpfalz";"Landbouw, Water en Voedsel";"NL32";"west";"DE23";79,7432;79,7432
"Kringloop Landbouw";"FR30";"NL32";57,92;15,56;0;0;0;0;0;14;11;12,5;0,0037;0,0712;-0,0712;0;"Nord - Pas-de-Calais";"Landbouw, Water en Voedsel";"NL32";"west";"FR30";75,0357;75,0357
"Kringloop Landbouw";"FR42";"NL32";57,92;15,35;0;0;0;0;0;14;10;12;0,0035;0,0683;-0,0683;0;"Alsace";"Landbouw, Water en Voedsel";"NL32";"west";"FR42";74,1797;74,1797
"Kringloop Landbouw";"FI1B";"NL32";57,92;20,22;0;0;0;0;0;14;41;27,5;0,0081;0,1566;-0,1566;0;"Helsinki-Uusimaa";"Landbouw, Water en Voedsel";"NL32";"west";"FI1B";89,729;89,729
"Kringloop Landbouw";"CH03";"NL32";57,92;14,39;0;0;0;0;0;75;14;44,5;0,0131;0,2533;-0,2533;0;"Nordwestschweiz";"Landbouw, Water en Voedsel";"NL32";"west";"CH03";70,8987;70,8987
"Kringloop Landbouw";"NO05";"NL32";57,92;9,05;0;0;0;0;0;14;2;8;0,0024;0,0455;-0,0455;0;"Vestlandet";"Landbouw, Water en Voedsel";"NL32";"west";"NO05";51,2126;51,2126
"Kringloop Landbouw";"DED5";"NL32";57,92;22,82;0;0;0;0;0;14;8;11;0,0032;0,0626;-0,0626;0;"Leipzig";"Landbouw, Water en Voedsel";"NL32";"west";"DED5";96,1484;96,1484
"Kringloop Landbouw";"UKH3";"NL32";57,92;4,73;0;0;0;0;0;14;4;9;0,0027;0,0512;-0,0512;0;"Essex";"Landbouw, Water en Voedsel";"NL32";"west";"UKH3";37,5178;37,5178
"Kringloop Landbouw";"ITC1";"NL32";57,92;17,55;0;0;0;0;0;14;20;17;0,005;0,0968;-0,0968;0;"Piemonte";"Landbouw, Water en Voedsel";"NL32";"west";"ITC1";81,5977;81,5977
"Kringloop Landbouw";"BE22";"NL32";57,92;22,28;0;0;0;0;0;14;34;24;0,0071;0,1366;-0,1366;0;"Prov. Limburg (BE)";"Landbouw, Water en Voedsel";"NL32";"west";"BE22";94,5792;94,5792
"Kringloop Landbouw";"CY00";"NL32";57,92;10,62;0;0;0;0;0;14;3;8,5;0,0025;0,0484;-0,0484;0;"Kýpros";"Landbouw, Water en Voedsel";"NL32";"west";"CY00";57,7746;57,7746
"Kringloop Landbouw";"UKI2";"NL32";57,92;11,17;0;0;0;0;0;14;3;8,5;0,0025;0,0484;-0,0484;0;"Outer London";"Landbouw, Water en Voedsel";"NL32";"west";"UKI2";61,3409;61,3409
"Kringloop Landbouw";"BG33";"NL32";57,92;5,35;0;0;0;0;0;14;1;7,5;0,0022;0,0427;-0,0427;0;"Severoiztochen";"Landbouw, Water en Voedsel";"NL32";"west";"BG33";38,8017;38,8017
"Kringloop Landbouw";"NL34";"NL32";57,92;22,55;1;5,2632;1;7,1429;0,0518;14;4;9;0,0027;0,0512;0,9488;19,5171;"Zeeland";"Landbouw, Water en Voedsel";"NL32";"west";"NL34";61,7689;61,7689
"Kringloop Landbouw";"UKK3";"NL32";57,92;12,95;0;0;0;0;0;14;4;9;0,0027;0,0512;-0,0512;0;"Cornwall and Isles of Scilly";"Landbouw, Water en Voedsel";"NL32";"west";"UKK3";67,1897;67,1897
"Kringloop Landbouw";"SE12";"NL32";57,92;10,21;0;0;0;0;0;14;7;10,5;0,0031;0,0598;-0,0598;0;"Östra Mellansverige";"Landbouw, Water en Voedsel";"NL32";"west";"SE12";55,6348;55,6348
"Kringloop Landbouw";"DEC0";"NL32";57,92;14,94;0;0;0;0;0;14;1;7,5;0,0022;0,0427;-0,0427;0;"Saarland";"Landbouw, Water en Voedsel";"NL32";"west";"DEC0";72,6106;72,6106
"Kringloop Landbouw";"DEF0";"NL32";57,92;10,28;0;0;0;0;0;14;13;13,5;0,004;0,0769;-0,0769;0;"Schleswig-Holstein";"Landbouw, Water en Voedsel";"NL32";"west";"DEF0";56,2054;56,2054
"Kringloop Landbouw";"DED4";"NL32";57,92;13,85;0;0;0;0;0;14;10;12;0,0035;0,0683;-0,0683;0;"Chemnitz";"Landbouw, Water en Voedsel";"NL32";"west";"DED4";69,3295;69,3295
"Kringloop Landbouw";"AT13";"NL32";57,92;11,1;0;0;0;0;0;14;5;9,5;0,0028;0,0541;-0,0541;0;"Wien";"Landbouw, Water en Voedsel";"NL32";"west";"AT13";60,3424;60,3424
"Kringloop Landbouw";"UKE2";"NL32";57,92;16,86;0;0;0;0;0;14;3;8,5;0,0025;0,0484;-0,0484;0;"North Yorkshire";"Landbouw, Water en Voedsel";"NL32";"west";"UKE2";79,4579;79,4579
"Kringloop Landbouw";"DEB2";"NL32";57,92;21,66;0;0;0;0;0;14;8;11;0,0032;0,0626;-0,0626;0;"Trier";"Landbouw, Water en Voedsel";"NL32";"west";"DEB2";93,2953;93,2953
"Kringloop Landbouw";"EL51";"NL32";57,92;6,37;0;0;0;0;0;14;3;8,5;0,0025;0,0484;-0,0484;0;"Anatoliki Makedonia, Thraki";"Landbouw, Water en Voedsel";"NL32";"west";"EL51";40,9415;40,9415
"Kringloop Landbouw";"ES21";"NL32";57,92;22,82;0;0;0;0;0;14;2;8;0,0024;0,0455;-0,0455;0;"País Vasco";"Landbouw, Water en Voedsel";"NL32";"west";"ES21";96,1484;96,1484
"Kringloop Landbouw";"PL33";"NL32";57,92;16,59;0;0;0;0;0;14;0;7;0,0021;0,0399;-0,0399;0;"Świętokrzyskie";"Landbouw, Water en Voedsel";"NL32";"west";"PL33";78,174;78,174
"Kringloop Landbouw";"DEA1";"NL32";57,92;21,25;0;0;0;0;0;14;77;45,5;0,0134;0,259;-0,259;0;"Düsseldorf";"Landbouw, Water en Voedsel";"NL32";"west";"DEA1";92,4394;92,4394
"Kringloop Landbouw";"ITF4";"NL32";57,92;13,23;0;0;0;0;0;14;3;8,5;0,0025;0,0484;-0,0484;0;"Puglia";"Landbouw, Water en Voedsel";"NL32";"west";"ITF4";67,7603;67,7603
"Kringloop Landbouw";"ITI2";"NL32";57,92;17,07;0;0;0;0;0;14;6;10;0,0029;0,0569;-0,0569;0;"Umbria";"Landbouw, Water en Voedsel";"NL32";"west";"ITI2";80,0285;80,0285
"Kringloop Landbouw";"FR61";"NL32";57,92;22,76;0;0;0;0;0;14;21;17,5;0,0052;0,0996;-0,0996;0;"Aquitaine";"Landbouw, Water en Voedsel";"NL32";"west";"FR61";95,7204;95,7204
"Kringloop Landbouw";"ES13";"NL32";57,92;6,72;0;0;0;0;0;14;0;7;0,0021;0,0399;-0,0399;0;"Cantabria";"Landbouw, Water en Voedsel";"NL32";"west";"ES13";42,368;42,368
"Kringloop Landbouw";"NL41";"NL32";57,92;1,51;1;5,2632;1;7,1429;0,0518;14;23;18,5;0,0055;0,1053;0,8947;9,4955;"Noord-Brabant";"Landbouw, Water en Voedsel";"NL32";"west";"NL41";0;0
"Kringloop Landbouw";"DK04";"NL32";57,92;5;0;0;0;0;0;14;9;11,5;0,0034;0,0655;-0,0655;0;"Midtjylland";"Landbouw, Water en Voedsel";"NL32";"west";"DK04";37,8031;37,8031
"Kringloop Landbouw";"UKD4";"NL32";57,92;14,67;0;0;0;0;0;14;1;7,5;0,0022;0,0427;-0,0427;0;"Lancashire";"Landbouw, Water en Voedsel";"NL32";"west";"UKD4";72,0399;72,0399
"Kringloop Landbouw";"CH01";"NL32";57,92;4,52;0;0;0;0;0;14;22;18;0,0053;0,1025;-0,1025;0;"Région lémanique";"Landbouw, Water en Voedsel";"NL32";"west";"CH01";36,3766;36,3766
"Kringloop Landbouw";"ITH3";"NL32";57,92;28,92;0;0;0;0;0;14;20;17;0,005;0,0968;-0,0968;0;"Veneto";"Landbouw, Water en Voedsel";"NL32";"west";"ITH3";99,7147;99,7147
"Kringloop Landbouw";"LV00";"NL32";57,92;10,9;0;0;0;0;0;14;0;7;0,0021;0,0399;-0,0399;0;"Latvija";"Landbouw, Water en Voedsel";"NL32";"west";"LV00";58,7732;58,7732
"Kringloop Landbouw";"CZ03";"NL32";57,92;21,04;0;0;0;0;0;14;6;10;0,0029;0,0569;-0,0569;0;"Jihozápad";"Landbouw, Water en Voedsel";"NL32";"west";"CZ03";92,0114;92,0114
"Kringloop Landbouw";"FR63";"NL32";57,92;11,1;0;0;0;0;0;6;14;10;0,0029;0,0569;-0,0569;0;"Limousin";"Landbouw, Water en Voedsel";"NL32";"west";"FR63";60,3424;60,3424
"Kringloop Landbouw";"DEA4";"NL32";57,92;18,85;0;0;0;0;0;14;14;14;0,0041;0,0797;-0,0797;0;"Detmold";"Landbouw, Water en Voedsel";"NL32";"west";"DEA4";86,1626;86,1626
"Kringloop Landbouw";"ES51";"NL32";57,92;14,46;0;0;0;0;0;14;9;11,5;0,0034;0,0655;-0,0655;0;"Cataluña";"Landbouw, Water en Voedsel";"NL32";"west";"ES51";71,3267;71,3267
"Kringloop Landbouw";"CZ06";"NL32";57,92;22,28;0;0;0;0;0;14;6;10;0,0029;0,0569;-0,0569;0;"Jihovýchod";"Landbouw, Water en Voedsel";"NL32";"west";"CZ06";94,5792;94,5792
"Kringloop Landbouw";"UKF1";"NL32";57,92;2,54;0;0;0;0;0;14;4;9;0,0027;0,0512;-0,0512;0;"Derbyshire and Nottinghamshire";"Landbouw, Water en Voedsel";"NL32";"west";"UKF1";34,0942;34,0942
"Kringloop Landbouw";"DEG0";"NL32";57,92;15,35;0;0;0;0;0;14;2;8;0,0024;0,0455;-0,0455;0;"Thüringen";"Landbouw, Water en Voedsel";"NL32";"west";"DEG0";74,1797;74,1797
"Kringloop Landbouw";"IE01";"NL32";57,92;17,41;0;0;0;0;0;14;12;13;0,0038;0,074;-0,074;0;"Border, Midland and Western";"Landbouw, Water en Voedsel";"NL32";"west";"IE01";80,5991;80,5991
"Kringloop Landbouw";"DE11";"NL32";57,92;7,75;0;0;0;0;0;14;24;19;0,0056;0,1082;-0,1082;0;"Stuttgart";"Landbouw, Water en Voedsel";"NL32";"west";"DE11";45,3638;45,3638
"Kringloop Landbouw";"PL63";"NL32";57,92;9,32;0;0;0;0;0;14;3;8,5;0,0025;0,0484;-0,0484;0;"Pomorskie";"Landbouw, Water en Voedsel";"NL32";"west";"PL63";52,4964;52,4964
"Kringloop Landbouw";"SK04";"NL32";57,92;11,99;0;0;0;0;0;14;0;7;0,0021;0,0399;-0,0399;0;"Východné Slovensko";"Landbouw, Water en Voedsel";"NL32";"west";"SK04";63,4807;63,4807
"Kringloop Landbouw";"CH02";"NL32";57,92;7,61;0;0;0;0;0;40;14;27;0,008;0,1537;-0,1537;0;"Espace Mittelland";"Landbouw, Water en Voedsel";"NL32";"west";"CH02";44,5078;44,5078
"Kringloop Landbouw";"PT15";"NL32";57,92;9,39;0;0;0;0;0;14;1;7,5;0,0022;0,0427;-0,0427;0;"Algarve";"Landbouw, Water en Voedsel";"NL32";"west";"PT15";52,9244;52,9244
"Kringloop Landbouw";"ITG1";"NL32";57,92;6,85;0;0;0;0;0;14;3;8,5;0,0025;0,0484;-0,0484;0;"Sicilia";"Landbouw, Water en Voedsel";"NL32";"west";"ITG1";42,6534;42,6534
"Kringloop Landbouw";"ES52";"NL32";57,92;22,07;0;0;0;0;0;14;5;9,5;0,0028;0,0541;-0,0541;0;"Comunidad Valenciana";"Landbouw, Water en Voedsel";"NL32";"west";"ES52";94,0086;94,0086
"Kringloop Landbouw";"UKJ2";"NL32";57,92;7,95;0;0;0;0;0;14;5;9,5;0,0028;0,0541;-0,0541;0;"Surrey, East and West Sussex";"Landbouw, Water en Voedsel";"NL32";"west";"UKJ2";46,3623;46,3623
"Kringloop Landbouw";"CZ05";"NL32";57,92;15,42;0;0;0;0;0;14;3;8,5;0,0025;0,0484;-0,0484;0;"Severovýchod";"Landbouw, Water en Voedsel";"NL32";"west";"CZ05";74,6077;74,6077
"Kringloop Landbouw";"HU32";"NL32";57,92;12,68;0;0;0;0;0;14;1;7,5;0,0022;0,0427;-0,0427;0;"Észak-Alföld";"Landbouw, Water en Voedsel";"NL32";"west";"HU32";65,3352;65,3352
"Kringloop Landbouw";"BG41";"NL32";57,92;12,82;0;0;0;0;0;14;0;7;0,0021;0,0399;-0,0399;0;"Yugozapaden";"Landbouw, Water en Voedsel";"NL32";"west";"BG41";66,6191;66,6191
"Kringloop Landbouw";"DE13";"NL32";57,92;9,87;0;0;0;0;0;28;14;21;0,0062;0,1196;-0,1196;0;"Freiburg";"Landbouw, Water en Voedsel";"NL32";"west";"DE13";55,2068;55,2068
"Kringloop Landbouw";"UKC1";"NL32";57,92;16,45;0;0;0;0;0;14;2;8;0,0024;0,0455;-0,0455;0;"Tees Valley and Durham";"Landbouw, Water en Voedsel";"NL32";"west";"UKC1";77,7461;77,7461
"Kringloop Landbouw";"DK05";"NL32";57,92;5,76;0;0;0;0;0;14;1;7,5;0,0022;0,0427;-0,0427;0;"Nordjylland";"Landbouw, Water en Voedsel";"NL32";"west";"DK05";39,6576;39,6576
"Kringloop Landbouw";"RO42";"NL32";57,92;5,14;0;0;0;0;0;14;3;8,5;0,0025;0,0484;-0,0484;0;"Vest";"Landbouw, Water en Voedsel";"NL32";"west";"RO42";38,0884;38,0884
"Kringloop Landbouw";"SE21";"NL32";57,92;22,28;0;0;0;0;0;14;10;12;0,0035;0,0683;-0,0683;0;"Småland med öarna";"Landbouw, Water en Voedsel";"NL32";"west";"SE21";94,5792;94,5792
"Kringloop Landbouw";"SK02";"NL32";57,92;19,05;0;0;0;0;0;14;2;8;0,0024;0,0455;-0,0455;0;"Západné Slovensko";"Landbouw, Water en Voedsel";"NL32";"west";"SK02";86,8759;86,8759
"Kringloop Landbouw";"BE10";"NL32";57,92;19,53;0;0;0;0;0;14;15;14,5;0,0043;0,0825;-0,0825;0;"Région de Bruxelles-Capitale / Brussels Hoofdstedelijk Gewest";"Landbouw, Water en Voedsel";"NL32";"west";"BE10";87,4465;87,4465
"Kringloop Landbouw";"SI03";"NL32";57,92;7,2;0;0;0;0;0;14;1;7,5;0,0022;0,0427;-0,0427;0;"Zahodna Slovenija";"Landbouw, Water en Voedsel";"NL32";"west";"SI03";43,5093;43,5093
"Kringloop Landbouw";"NL33";"NL32";57,92;18,03;1;5,2632;1;7,1429;0,0518;14;26;20;0,0059;0,1139;0,8861;8,7833;"Zuid-Holland";"Landbouw, Water en Voedsel";"NL32";"west";"NL33";49,6434;49,6434
"Kringloop Landbouw";"BE24";"NL32";57,92;19,67;1;5,2632;1;7,1429;0,0518;14;26;20;0,0059;0,1139;0,8861;8,7833;"Prov. Vlaams-Brabant";"Landbouw, Water en Voedsel";"NL32";"west";"BE24";54,3509;54,3509
"Kringloop Landbouw";"DE40";"NL32";57,92;6,65;0;0;0;0;0;14;12;13;0,0038;0,074;-0,074;0;"Brandenburg";"Landbouw, Water en Voedsel";"NL32";"west";"DE40";41,9401;41,9401
"Kringloop Landbouw";"ITI1";"NL32";57,92;8,91;0;0;0;0;0;14;12;13;0,0038;0,074;-0,074;0;"Toscana";"Landbouw, Water en Voedsel";"NL32";"west";"ITI1";50,3566;50,3566
"Kringloop Landbouw";"UKH1";"NL32";57,92;5,21;0;0;0;0;0;14;16;15;0,0044;0,0854;-0,0854;0;"East Anglia";"Landbouw, Water en Voedsel";"NL32";"west";"UKH1";38,3738;38,3738
"Kringloop Landbouw";"BE25";"NL32";57,92;20,84;0;0;0;0;0;14;4;9;0,0027;0,0512;-0,0512;0;"Prov. West-Vlaanderen";"Landbouw, Water en Voedsel";"NL32";"west";"BE25";91,5835;91,5835
"Kringloop Landbouw";"EL30";"NL32";57,92;8,91;0;0;0;0;0;14;2;8;0,0024;0,0455;-0,0455;0;"Attiki";"Landbouw, Water en Voedsel";"NL32";"west";"EL30";50,3566;50,3566
"Kringloop Landbouw";"PL61";"NL32";57,92;13,5;0;0;0;0;0;14;4;9;0,0027;0,0512;-0,0512;0;"Kujawsko-Pomorskie";"Landbouw, Water en Voedsel";"NL32";"west";"PL61";68,0456;68,0456
"Kringloop Landbouw";"ITH5";"NL32";57,92;23,65;0;0;0;0;0;14;47;30,5;0,009;0,1736;-0,1736;0;"Emilia-Romagna";"Landbouw, Water en Voedsel";"NL32";"west";"ITH5";96,719;96,719
"Kringloop Landbouw";"FR62";"NL32";57,92;10,56;0;0;0;0;0;14;27;20,5;0,006;0,1167;-0,1167;0;"Midi-Pyrénées";"Landbouw, Water en Voedsel";"NL32";"west";"FR62";57,3466;57,3466
"Kringloop Landbouw";"CZ07";"NL32";57,92;15,15;0;0;0;0;0;14;2;8;0,0024;0,0455;-0,0455;0;"Střední Morava";"Landbouw, Water en Voedsel";"NL32";"west";"CZ07";73,3238;73,3238
"Kringloop Landbouw";"SK03";"NL32";57,92;3,08;0;0;0;0;0;14;1;7,5;0,0022;0,0427;-0,0427;0;"Stredné Slovensko";"Landbouw, Water en Voedsel";"NL32";"west";"SK03";34,9501;34,9501
"Kringloop Landbouw";"UKN0";"NL32";57,92;17,55;0;0;0;0;0;14;2;8;0,0024;0,0455;-0,0455;0;"Northern Ireland";"Landbouw, Water en Voedsel";"NL32";"west";"UKN0";81,5977;81,5977
"Kringloop Landbouw";"PT18";"NL32";57,92;8,02;0;0;0;0;0;14;10;12;0,0035;0,0683;-0,0683;0;"Alentejo";"Landbouw, Water en Voedsel";"NL32";"west";"PT18";46,933;46,933
"Kringloop Landbouw";"UKE3";"NL32";57,92;10,21;0;0;0;0;0;14;2;8;0,0024;0,0455;-0,0455;0;"South Yorkshire";"Landbouw, Water en Voedsel";"NL32";"west";"UKE3";55,6348;55,6348
"Kringloop Landbouw";"AT11";"NL32";57,92;18,16;0;0;0;0;0;14;7;10,5;0,0031;0,0598;-0,0598;0;"Burgenland (AT)";"Landbouw, Water en Voedsel";"NL32";"west";"AT11";83,8802;83,8802
"Kringloop Landbouw";"PL22";"NL32";57,92;12,82;0;0;0;0;0;14;2;8;0,0024;0,0455;-0,0455;0;"Śląskie";"Landbouw, Water en Voedsel";"NL32";"west";"PL22";66,6191;66,6191
"Kringloop Landbouw";"SE23";"NL32";57,92;17,75;0;0;0;0;0;14;20;17;0,005;0,0968;-0,0968;0;"Västsverige";"Landbouw, Water en Voedsel";"NL32";"west";"SE23";82,4536;82,4536
"Kringloop Landbouw";"FI19";"NL32";57,92;20,01;0;0;0;0;0;14;13;13,5;0,004;0,0769;-0,0769;0;"Länsi-Suomi";"Landbouw, Water en Voedsel";"NL32";"west";"FI19";89,0157;89,0157
"Kringloop Landbouw";"DEA5";"NL32";57,92;17,75;0;0;0;0;0;14;24;19;0,0056;0,1082;-0,1082;0;"Arnsberg";"Landbouw, Water en Voedsel";"NL32";"west";"DEA5";82,4536;82,4536
"Kringloop Landbouw";"FI20";"NL32";57,92;0;0;0;0;0;0;14;0;7;0,0021;0,0399;-0,0399;0;"Åland";"Landbouw, Water en Voedsel";"NL32";"west";"FI20";32,9529;32,9529
"Kringloop Landbouw";"ITC4";"NL32";57,92;25,5;0;0;0;0;0;14;60;37;0,0109;0,2106;-0,2106;0;"Lombardia";"Landbouw, Water en Voedsel";"NL32";"west";"ITC4";98,5735;98,5735
"Kringloop Landbouw";"ES11";"NL32";57,92;8,7;0;0;0;0;0;14;2;8;0,0024;0,0455;-0,0455;0;"Galicia";"Landbouw, Water en Voedsel";"NL32";"west";"ES11";49,2154;49,2154
"Kringloop Landbouw";"ITF3";"NL32";57,92;9,73;0;0;0;0;0;14;5;9,5;0,0028;0,0541;-0,0541;0;"Campania";"Landbouw, Water en Voedsel";"NL32";"west";"ITF3";53,7803;53,7803
"Kringloop Landbouw";"UKG2";"NL32";57,92;14,46;0;0;0;0;0;14;1;7,5;0,0022;0,0427;-0,0427;0;"Shropshire and Staffordshire";"Landbouw, Water en Voedsel";"NL32";"west";"UKG2";71,3267;71,3267
"Kringloop Landbouw";"UKD7";"NL32";57,92;16,11;0;0;0;0;0;14;8;11;0,0032;0,0626;-0,0626;0;"Merseyside";"Landbouw, Water en Voedsel";"NL32";"west";"UKD7";76,6049;76,6049
"Kringloop Landbouw";"DE12";"NL32";57,92;7,4;0;0;0;0;0;14;27;20,5;0,006;0,1167;-0,1167;0;"Karlsruhe";"Landbouw, Water en Voedsel";"NL32";"west";"DE12";43,7946;43,7946
"Kringloop Landbouw";"PL21";"NL32";57,92;6,99;0;0;0;0;0;14;6;10;0,0029;0,0569;-0,0569;0;"Małopolskie";"Landbouw, Water en Voedsel";"NL32";"west";"PL21";42,9387;42,9387
"Kringloop Landbouw";"LU00";"NL32";57,92;12,2;0;0;0;0;0;14;3;8,5;0,0025;0,0484;-0,0484;0;"Luxembourg";"Landbouw, Water en Voedsel";"NL32";"west";"LU00";64,0514;64,0514
"Kringloop Landbouw";"DE27";"NL32";57,92;14,74;0;0;0;0;0;14;13;13,5;0,004;0,0769;-0,0769;0;"Schwaben";"Landbouw, Water en Voedsel";"NL32";"west";"DE27";72,3252;72,3252
"Kringloop Landbouw";"DE60";"NL32";57,92;4,66;0;0;0;0;0;14;3;8,5;0,0025;0,0484;-0,0484;0;"Hamburg";"Landbouw, Water en Voedsel";"NL32";"west";"DE60";37,2325;37,2325
"Kringloop Landbouw";"CH07";"NL32";57,92;18,57;0;0;0;0;0;14;3;8,5;0,0025;0,0484;-0,0484;0;"Ticino";"Landbouw, Water en Voedsel";"NL32";"west";"CH07";85,0214;85,0214
"Kringloop Landbouw";"NL21";"NL32";57,92;24,81;0;0;0;0;0;14;9;11,5;0,0034;0,0655;-0,0655;0;"Overijssel";"Landbouw, Water en Voedsel";"NL32";"west";"NL21";97,4322;97,4322
"Kringloop Landbouw";"BE34";"NL32";57,92;9,8;0;0;0;0;0;14;3;8,5;0,0025;0,0484;-0,0484;0;"Prov. Luxembourg (BE)";"Landbouw, Water en Voedsel";"NL32";"west";"BE34";54,6362;54,6362
"Kringloop Landbouw";"DE14";"NL32";57,92;9,25;0;0;0;0;0;17;14;15,5;0,0046;0,0882;-0,0882;0;"Tübingen";"Landbouw, Water en Voedsel";"NL32";"west";"DE14";52,0685;52,0685
"Kringloop Landbouw";"DE72";"NL32";57,92;16,79;0;0;0;0;0;14;11;12,5;0,0037;0,0712;-0,0712;0;"Gießen";"Landbouw, Water en Voedsel";"NL32";"west";"DE72";79,1726;79,1726
"Kringloop Landbouw";"SE31";"NL32";57,92;13,64;0;0;0;0;0;14;13;13,5;0,004;0,0769;-0,0769;0;"Norra Mellansverige";"Landbouw, Water en Voedsel";"NL32";"west";"SE31";68,4736;68,4736
"Kringloop Landbouw";"DE26";"NL32";57,92;16,59;0;0;0;0;0;14;27;20,5;0,006;0,1167;-0,1167;0;"Unterfranken";"Landbouw, Water en Voedsel";"NL32";"west";"DE26";78,174;78,174
"Kringloop Landbouw";"FI1D";"NL32";57,92;20,84;0;0;0;0;0;14;7;10,5;0,0031;0,0598;-0,0598;0;"Pohjois- ja Itä-Suomi";"Landbouw, Water en Voedsel";"NL32";"west";"FI1D";91,5835;91,5835
"Kringloop Landbouw";"DE73";"NL32";57,92;26,87;0;0;0;0;0;14;24;19;0,0056;0,1082;-0,1082;0;"Kassel";"Landbouw, Water en Voedsel";"NL32";"west";"DE73";99,1441;99,1441
"Kringloop Landbouw";"UKM3";"NL32";57,92;10,56;0;0;0;0;0;14;4;9;0,0027;0,0512;-0,0512;0;"South Western Scotland";"Landbouw, Water en Voedsel";"NL32";"west";"UKM3";57,3466;57,3466
"Kringloop Landbouw";"UKJ3";"NL32";57,92;7,54;0;0;0;0;0;14;2;8;0,0024;0,0455;-0,0455;0;"Hampshire and Isle of Wight";"Landbouw, Water en Voedsel";"NL32";"west";"UKJ3";44,0799;44,0799
"Kringloop Landbouw";"FR26";"NL32";57,92;17,55;0;0;0;0;0;14;4;9;0,0027;0,0512;-0,0512;0;"Bourgogne";"Landbouw, Water en Voedsel";"NL32";"west";"FR26";81,5977;81,5977
"Kringloop Landbouw";"NO01";"NL32";57,92;14,05;0;0;0;0;0;14;6;10;0,0029;0,0569;-0,0569;0;"Oslo og Akershus";"Landbouw, Water en Voedsel";"NL32";"west";"NO01";70,3281;70,3281
"Kringloop Landbouw";"EL52";"NL32";57,92;8,7;0;0;0;0;0;14;1;7,5;0,0022;0,0427;-0,0427;0;"Kentriki Makedonia";"Landbouw, Water en Voedsel";"NL32";"west";"EL52";49,2154;49,2154
"Kringloop Landbouw";"ITI4";"NL32";57,92;21,25;0;0;0;0;0;14;18;16;0,0047;0,0911;-0,0911;0;"Lazio";"Landbouw, Water en Voedsel";"NL32";"west";"ITI4";92,4394;92,4394
"Kringloop Landbouw";"UKF2";"NL32";57,92;18,99;0;0;0;0;0;14;1;7,5;0,0022;0,0427;-0,0427;0;"Leicestershire, Rutland and Northamptonshire";"Landbouw, Water en Voedsel";"NL32";"west";"UKF2";86,5906;86,5906
"Kringloop Landbouw";"DE91";"NL32";57,92;6,51;0;0;0;0;0;14;22;18;0,0053;0,1025;-0,1025;0;"Braunschweig";"Landbouw, Water en Voedsel";"NL32";"west";"DE91";41,5121;41,5121
"Kringloop Landbouw";"ITC3";"NL32";57,92;8,91;0;0;0;0;0;14;0;7;0,0021;0,0399;-0,0399;0;"Liguria";"Landbouw, Water en Voedsel";"NL32";"west";"ITC3";50,3566;50,3566
"Kringloop Landbouw";"UKL1";"NL32";57,92;13,09;0;0;0;0;0;14;4;9;0,0027;0,0512;-0,0512;0;"West Wales and The Valleys";"Landbouw, Water en Voedsel";"NL32";"west";"UKL1";67,475;67,475
"Kringloop Landbouw";"UKI1";"NL32";57,92;1,71;0;0;0;0;0;14;9;11,5;0,0034;0,0655;-0,0655;0;"Inner London";"Landbouw, Water en Voedsel";"NL32";"west";"UKI1";33,8088;33,8088
"Kringloop Landbouw";"RO21";"NL32";57,92;7,95;0;0;0;0;0;14;1;7,5;0,0022;0,0427;-0,0427;0;"Nord-Est";"Landbouw, Water en Voedsel";"NL32";"west";"RO21";46,3623;46,3623
"Kringloop Landbouw";"NL23";"NL32";57,92;8,09;0;0;0;0;0;14;3;8,5;0,0025;0,0484;-0,0484;0;"Flevoland";"Landbouw, Water en Voedsel";"NL32";"west";"NL23";47,3609;47,3609
"Kringloop Landbouw";"UKK2";"NL32";57,92;13,98;0;0;0;0;0;14;2;8;0,0024;0,0455;-0,0455;0;"Dorset and Somerset";"Landbouw, Water en Voedsel";"NL32";"west";"UKK2";69,9001;69,9001
"Kringloop Landbouw";"DEA3";"NL32";57,92;30,77;0;0;0;0;0;14;44;29;0,0085;0,1651;-0,1651;0;"Münster";"Landbouw, Water en Voedsel";"NL32";"west";"DEA3";100;100
"Kringloop Landbouw";"UKG1";"NL32";57,92;18,23;0;0;0;0;0;14;1;7,5;0,0022;0,0427;-0,0427;0;"Herefordshire, Worcestershire and Warwickshire";"Landbouw, Water en Voedsel";"NL32";"west";"UKG1";84,3081;84,3081
"Kringloop Landbouw";"BE32";"NL32";57,92;18,09;0;0;0;0;0;14;32;23;0,0068;0,1309;-0,1309;0;"Prov. Hainaut";"Landbouw, Water en Voedsel";"NL32";"west";"BE32";83,4522;83,4522
"Kringloop Landbouw";"FR51";"NL32";57,92;18,64;0;0;0;0;0;14;11;12,5;0,0037;0,0712;-0,0712;0;"Pays de la Loire";"Landbouw, Water en Voedsel";"NL32";"west";"FR51";85,4494;85,4494
"Kringloop Landbouw";"ITH2";"NL32";57,92;12,54;0;0;0;0;0;14;12;13;0,0038;0,074;-0,074;0;"Provincia Autonoma di Trento";"Landbouw, Water en Voedsel";"NL32";"west";"ITH2";64,622;64,622
"Kringloop Landbouw";"NL22";"NL32";57,92;25,22;7;36,8421;3;21,4286;0,1553;14;24;19;0,0056;0,1082;2,8918;27,7385;"Gelderland";"Landbouw, Water en Voedsel";"NL32";"west";"NL22";63,1954;63,1954
"Kringloop Landbouw";"FR53";"NL32";57,92;15,15;0;0;0;0;0;14;3;8,5;0,0025;0,0484;-0,0484;0;"Poitou-Charentes";"Landbouw, Water en Voedsel";"NL32";"west";"FR53";73,3238;73,3238
"Kringloop Landbouw";"ITF2";"NL32";57,92;7,13;0;0;0;0;0;14;0;7;0,0021;0,0399;-0,0399;0;"Molise";"Landbouw, Water en Voedsel";"NL32";"west";"ITF2";43,224;43,224
"Kringloop Landbouw";"LT00";"NL32";57,92;18,85;0;0;0;0;0;14;3;8,5;0,0025;0,0484;-0,0484;0;"Lietuva";"Landbouw, Water en Voedsel";"NL32";"west";"LT00";86,1626;86,1626
"Kringloop Landbouw";"ITH1";"NL32";57,92;13,98;0;0;0;0;0;14;2;8;0,0024;0,0455;-0,0455;0;"Provincia Autonoma di Bolzano/Bozen";"Landbouw, Water en Voedsel";"NL32";"west";"ITH1";69,9001;69,9001
"Kringloop Landbouw";"IE02";"NL32";57,92;9,73;0;0;0;0;0;14;17;15,5;0,0046;0,0882;-0,0882;0;"Southern and Eastern";"Landbouw, Water en Voedsel";"NL32";"west";"IE02";53,7803;53,7803
"Kringloop Landbouw";"BE33";"NL32";57,92;13,64;0;0;0;0;0;14;17;15,5;0,0046;0,0882;-0,0882;0;"Prov. Liège";"Landbouw, Water en Voedsel";"NL32";"west";"BE33";68,4736;68,4736
"Kringloop Landbouw";"DEB1";"NL32";57,92;15,28;0;0;0;0;0;14;9;11,5;0,0034;0,0655;-0,0655;0;"Koblenz";"Landbouw, Water en Voedsel";"NL32";"west";"DEB1";73,7518;73,7518
"Kringloop Landbouw";"ITI3";"NL32";57,92;16,66;0;0;0;0;0;14;1;7,5;0,0022;0,0427;-0,0427;0;"Marche";"Landbouw, Water en Voedsel";"NL32";"west";"ITI3";78,7447;78,7447
"Kringloop Landbouw";"UKJ4";"NL32";57,92;11,1;0;0;0;0;0;14;3;8,5;0,0025;0,0484;-0,0484;0;"Kent";"Landbouw, Water en Voedsel";"NL32";"west";"UKJ4";60,3424;60,3424
"Kringloop Landbouw";"NO06";"NL32";57,92;12,61;0;0;0;0;0;14;2;8;0,0024;0,0455;-0,0455;0;"Trøndelag";"Landbouw, Water en Voedsel";"NL32";"west";"NO06";64,9073;64,9073
"Kringloop Landbouw";"FR81";"NL32";57,92;14,26;0;0;0;0;0;14;12;13;0,0038;0,074;-0,074;0;"Languedoc-Roussillon";"Landbouw, Water en Voedsel";"NL32";"west";"FR81";70,6134;70,6134
"Kringloop Landbouw";"CZ08";"NL32";57,92;11,72;0;0;0;0;0;14;2;8;0,0024;0,0455;-0,0455;0;"Moravskoslezsko";"Landbouw, Water en Voedsel";"NL32";"west";"CZ08";62,6248;62,6248
"Kringloop Landbouw";"FR52";"NL32";57,92;4,32;0;0;0;0;0;14;9;11,5;0,0034;0,0655;-0,0655;0;"Bretagne";"Landbouw, Water en Voedsel";"NL32";"west";"FR52";36,0913;36,0913
"Kringloop Landbouw";"PL41";"NL32";57,92;18,71;0;0;0;0;0;14;3;8,5;0,0025;0,0484;-0,0484;0;"Wielkopolskie";"Landbouw, Water en Voedsel";"NL32";"west";"PL41";85,7347;85,7347
"Kringloop Landbouw";"UKD3";"NL32";57,92;17,41;0;0;0;0;0;14;7;10,5;0,0031;0,0598;-0,0598;0;"Greater Manchester";"Landbouw, Water en Voedsel";"NL32";"west";"UKD3";80,5991;80,5991
"Kringloop Landbouw";"FR24";"NL32";57,92;10,97;0;0;0;0;0;14;13;13,5;0,004;0,0769;-0,0769;0;"Centre";"Landbouw, Water en Voedsel";"NL32";"west";"FR24";59,4864;59,4864
"Kringloop Landbouw";"DK02";"NL32";57,92;21,66;0;0;0;0;0;14;8;11;0,0032;0,0626;-0,0626;0;"Sjælland";"Landbouw, Water en Voedsel";"NL32";"west";"DK02";93,2953;93,2953
"Kringloop Landbouw";"BG42";"NL32";57,92;0,89;0;0;0;0;0;14;0;7;0,0021;0,0399;-0,0399;0;"Yuzhen tsentralen";"Landbouw, Water en Voedsel";"NL32";"west";"BG42";33,2382;33,2382
"Kringloop Landbouw";"EL63";"NL32";57,92;12,13;0;0;0;0;0;14;3;8,5;0,0025;0,0484;-0,0484;0;"Dytiki Ellada";"Landbouw, Water en Voedsel";"NL32";"west";"EL63";63,766;63,766
"Kringloop Landbouw";"ES62";"NL32";57,92;18,57;0;0;0;0;0;14;10;12;0,0035;0,0683;-0,0683;0;"Región de Murcia";"Landbouw, Water en Voedsel";"NL32";"west";"ES62";85,0214;85,0214
"Kringloop Landbouw";"DEA2";"NL32";57,92;17,41;0;0;0;0;0;44;14;29;0,0085;0,1651;-0,1651;0;"Köln";"Landbouw, Water en Voedsel";"NL32";"west";"DEA2";80,5991;80,5991
"Kringloop Landbouw";"EE00";"NL32";57,92;4,59;0;0;0;0;0;14;1;7,5;0,0022;0,0427;-0,0427;0;"Eesti";"Landbouw, Water en Voedsel";"NL32";"west";"EE00";36,8046;36,8046
"Kringloop Landbouw";"PT16";"NL32";57,92;19,74;0;0;0;0;0;14;18;16;0,0047;0,0911;-0,0911;0;"Centro (PT)";"Landbouw, Water en Voedsel";"NL32";"west";"PT16";88,3024;88,3024
"Kringloop Landbouw";"ITG2";"NL32";57,92;9,18;0;0;0;0;0;14;6;10;0,0029;0,0569;-0,0569;0;"Sardegna";"Landbouw, Water en Voedsel";"NL32";"west";"ITG2";51,6405;51,6405
"Kringloop Landbouw";"UKE4";"NL32";57,92;20,77;0;0;0;0;0;14;4;9;0,0027;0,0512;-0,0512;0;"West Yorkshire";"Landbouw, Water en Voedsel";"NL32";"west";"UKE4";91,1555;91,1555
"Kringloop Landbouw";"UKD6";"NL32";57,92;20,01;0;0;0;0;0;14;12;13;0,0038;0,074;-0,074;0;"Cheshire";"Landbouw, Water en Voedsel";"NL32";"west";"UKD6";89,0157;89,0157
"Kringloop Landbouw";"PL11";"NL32";57,92;8,22;0;0;0;0;0;14;2;8;0,0024;0,0455;-0,0455;0;"Łódzkie";"Landbouw, Water en Voedsel";"NL32";"west";"PL11";48,0742;48,0742
"Kringloop Landbouw";"ES24";"NL32";57,92;15,9;0;0;0;0;0;14;3;8,5;0,0025;0,0484;-0,0484;0;"Aragón";"Landbouw, Water en Voedsel";"NL32";"west";"ES24";76,3195;76,3195
"Kringloop Landbouw";"DE71";"NL32";57,92;23,65;2;10,5263;1;7,1429;0,0518;14;70;42;0,0124;0,2391;0,7609;4,1826;"Darmstadt";"Landbouw, Water en Voedsel";"NL32";"west";"DE71";63,1954;63,1954
"Kringloop Landbouw";"MT00";"NL32";57,92;6,65;0;0;0;0;0;14;1;7,5;0,0022;0,0427;-0,0427;0;"Malta";"Landbouw, Water en Voedsel";"NL32";"west";"MT00";41,9401;41,9401
"Kringloop Landbouw";"DE21";"NL32";57,92;6,44;0;0;0;0;0;70;14;42;0,0124;0,2391;-0,2391;0;"Oberbayern";"Landbouw, Water en Voedsel";"NL32";"west";"DE21";41,2268;41,2268
"Kringloop Landbouw";"AT31";"NL32";57,92;25,43;0;0;0;0;0;68;14;41;0,0121;0,2334;-0,2334;0;"Oberösterreich";"Landbouw, Water en Voedsel";"NL32";"west";"AT31";98,2882;98,2882
"Kringloop Landbouw";"DEB3";"NL32";57,92;20,49;1;5,2632;1;7,1429;0,0518;14;60;37;0,0109;0,2106;0,7894;4,7477;"Rheinhessen-Pfalz";"Landbouw, Water en Voedsel";"NL32";"west";"DEB3";57,0613;57,0613
"Kringloop Landbouw";"PT17";"NL32";57,92;15,56;0;0;0;0;0;14;8;11;0,0032;0,0626;-0,0626;0;"Lisboa";"Landbouw, Water en Voedsel";"NL32";"west";"PT17";75,0357;75,0357
"Kringloop Landbouw";"SE32";"NL32";57,92;17,55;0;0;0;0;0;14;3;8,5;0,0025;0,0484;-0,0484;0;"Mellersta Norrland";"Landbouw, Water en Voedsel";"NL32";"west";"SE32";81,5977;81,5977
"Kringloop Landbouw";"RO32";"NL32";57,92;7,68;0;0;0;0;0;14;3;8,5;0,0025;0,0484;-0,0484;0;"Bucureşti - Ilfov";"Landbouw, Water en Voedsel";"NL32";"west";"RO32";44,9358;44,9358
"Kringloop Landbouw";"NL31";"NL32";57,92;16,18;0;0;0;0;0;14;17;15,5;0,0046;0,0882;-0,0882;0;"Utrecht";"Landbouw, Water en Voedsel";"NL32";"west";"NL31";77,0328;77,0328
"Kringloop Landbouw";"PL62";"NL32";57,92;2,81;0;0;0;0;0;14;3;8,5;0,0025;0,0484;-0,0484;0;"Warmińsko-Mazurskie";"Landbouw, Water en Voedsel";"NL32";"west";"PL62";34,3795;34,3795
"Kringloop Landbouw";"UKF3";"NL32";57,92;5,35;0;0;0;0;0;14;1;7,5;0,0022;0,0427;-0,0427;0;"Lincolnshire";"Landbouw, Water en Voedsel";"NL32";"west";"UKF3";38,8017;38,8017
"Kringloop Landbouw";"CH04";"NL32";57,92;11,72;0;0;0;0;0;72;14;43;0,0127;0,2448;-0,2448;0;"Zürich";"Landbouw, Water en Voedsel";"NL32";"west";"CH04";62,6248;62,6248
"Kringloop Landbouw";"DK01";"NL32";57,92;10,28;0;0;0;0;0;14;22;18;0,0053;0,1025;-0,1025;0;"Hovedstaden";"Landbouw, Water en Voedsel";"NL32";"west";"DK01";56,2054;56,2054
"Kringloop Landbouw";"BE31";"NL32";57,92;20,15;0;0;0;0;0;14;24;19;0,0056;0,1082;-0,1082;0;"Prov. Brabant Wallon";"Landbouw, Water en Voedsel";"NL32";"west";"BE31";89,4437;89,4437
"Kringloop Landbouw";"CZ01";"NL32";57,92;15,63;0;0;0;0;0;14;2;8;0,0024;0,0455;-0,0455;0;"Praha";"Landbouw, Water en Voedsel";"NL32";"west";"CZ01";75,4636;75,4636
"Kringloop Landbouw";"UKL2";"NL32";57,92;6,24;0;0;0;0;0;14;0;7;0,0021;0,0399;-0,0399;0;"East Wales";"Landbouw, Water en Voedsel";"NL32";"west";"UKL2";40,5136;40,5136
"Kringloop Landbouw";"IS02";"NL32";57,92;9,8;0;0;0;0;0;14;4;9;0,0027;0,0512;-0,0512;0;"Landsbyggð";"Landbouw, Water en Voedsel";"NL32";"west";"IS02";54,6362;54,6362
"Kringloop Landbouw";"DE80";"NL32";57,92;12,75;0;0;0;0;0;14;8;11;0,0032;0,0626;-0,0626;0;"Mecklenburg-Vorpommern";"Landbouw, Water en Voedsel";"NL32";"west";"DE80";65,9058;65,9058
"Kringloop Landbouw";"UKE1";"NL32";57,92;7,61;0;0;0;0;0;14;2;8;0,0024;0,0455;-0,0455;0;"East Yorkshire and Northern Lincolnshire";"Landbouw, Water en Voedsel";"NL32";"west";"UKE1";44,5078;44,5078
"Kringloop Landbouw";"SE33";"NL32";57,92;16,66;0;0;0;0;0;14;8;11;0,0032;0,0626;-0,0626;0;"Övre Norrland";"Landbouw, Water en Voedsel";"NL32";"west";"SE33";78,7447;78,7447
"Kringloop Landbouw";"NL12";"NL32";57,92;25,36;0;0;0;0;0;14;4;9;0,0027;0,0512;-0,0512;0;"Friesland (NL)";"Landbouw, Water en Voedsel";"NL32";"west";"NL12";98,0029;98,0029
"Kringloop Landbouw";"UKG3";"NL32";57,92;11,86;0;0;0;0;0;14;4;9;0,0027;0,0512;-0,0512;0;"West Midlands";"Landbouw, Water en Voedsel";"NL32";"west";"UKG3";63,1954;63,1954
"Kringloop Landbouw";"AT21";"NL32";57,92;18,51;0;0;0;0;0;14;1;7,5;0,0022;0,0427;-0,0427;0;"Kärnten";"Landbouw, Water en Voedsel";"NL32";"west";"AT21";84,5934;84,5934
"Kringloop Landbouw";"PL52";"NL32";57,92;5,76;0;0;0;0;0;14;1;7,5;0,0022;0,0427;-0,0427;0;"Opolskie";"Landbouw, Water en Voedsel";"NL32";"west";"PL52";39,6576;39,6576
"Kringloop Landbouw";"DE50";"NL32";57,92;6,24;0;0;0;0;0;14;3;8,5;0,0025;0,0484;-0,0484;0;"Bremen";"Landbouw, Water en Voedsel";"NL32";"west";"DE50";40,5136;40,5136
"Kringloop Landbouw";"NO03";"NL32";57,92;19,88;0;0;0;0;0;14;8;11;0,0032;0,0626;-0,0626;0;"Sør-Østlandet";"Landbouw, Water en Voedsel";"NL32";"west";"NO03";88,5877;88,5877
"Kringloop Landbouw";"EL53";"NL32";57,92;3,91;0;0;0;0;0;14;2;8;0,0024;0,0455;-0,0455;0;"Dytiki Makedonia";"Landbouw, Water en Voedsel";"NL32";"west";"EL53";35,5207;35,5207
"Kringloop Landbouw";"DE92";"NL32";57,92;11,65;0;0;0;0;0;14;24;19;0,0056;0,1082;-0,1082;0;"Hannover";"Landbouw, Water en Voedsel";"NL32";"west";"DE92";62,0542;62,0542
"Kringloop Landbouw";"DE94";"NL32";57,92;7,95;0;0;0;0;0;14;9;11,5;0,0034;0,0655;-0,0655;0;"Weser-Ems";"Landbouw, Water en Voedsel";"NL32";"west";"DE94";46,3623;46,3623
"Kringloop Landbouw";"FR71";"NL32";57,92;10,97;0;0;0;0;0;14;77;45,5;0,0134;0,259;-0,259;0;"Rhône-Alpes";"Landbouw, Water en Voedsel";"NL32";"west";"FR71";59,4864;59,4864
"Kringloop Landbouw";"FR82";"NL32";57,92;11,72;0;0;0;0;0;14;16;15;0,0044;0,0854;-0,0854;0;"Provence-Alpes-Côte d'Azur";"Landbouw, Water en Voedsel";"NL32";"west";"FR82";62,6248;62,6248
"Kringloop Landbouw";"SE11";"NL32";57,92;4,18;0;0;0;0;0;14;19;16,5;0,0049;0,0939;-0,0939;0;"Stockholm";"Landbouw, Water en Voedsel";"NL32";"west";"SE11";35,806;35,806
"Kringloop Landbouw";"FR25";"NL32";57,92;8,7;0;0;0;0;0;14;26;20;0,0059;0,1139;-0,1139;0;"Basse-Normandie";"Landbouw, Water en Voedsel";"NL32";"west";"FR25";49,2154;49,2154
"Kringloop Landbouw";"DE93";"NL32";57,92;25,98;0;0;0;0;0;14;18;16;0,0047;0,0911;-0,0911;0;"Lüneburg";"Landbouw, Water en Voedsel";"NL32";"west";"DE93";98,8588;98,8588
"Kringloop Landbouw";"ES61";"NL32";57,92;19,19;0;0;0;0;0;14;10;12;0,0035;0,0683;-0,0683;0;"Andalucía";"Landbouw, Water en Voedsel";"NL32";"west";"ES61";87,1612;87,1612
"Kringloop Landbouw";"PL12";"NL32";57,92;7,75;0;0;0;0;0;14;4;9;0,0027;0,0512;-0,0512;0;"Mazowieckie";"Landbouw, Water en Voedsel";"NL32";"west";"PL12";45,3638;45,3638
"Kringloop Landbouw";"SI04";"NL32";57,92;9,8;0;0;0;0;0;14;1;7,5;0,0022;0,0427;-0,0427;0;"Vzhodna Slovenija";"Landbouw, Water en Voedsel";"NL32";"west";"SI04";54,6362;54,6362
"Kringloop Landbouw";"BE23";"NL32";57,92;27,21;0;0;0;0;0;14;30;22;0,0065;0,1252;-0,1252;0;"Prov. Oost-Vlaanderen";"Landbouw, Water en Voedsel";"NL32";"west";"BE23";99,4294;99,4294
"Kringloop Landbouw";"DED2";"NL32";57,92;12,82;0;0;0;0;0;15;14;14,5;0,0043;0,0825;-0,0825;0;"Dresden";"Landbouw, Water en Voedsel";"NL32";"west";"DED2";66,6191;66,6191
"Kringloop Landbouw";"HR04";"NL32";57,92;10,49;0;0;0;0;0;0;14;7;0,0021;0,0399;-0,0399;0;"Kontinentalna Hrvatska";"Landbouw, Water en Voedsel";"NL32";"west";"HR04";56,776;56,776
"Kringloop Landbouw";"BE35";"NL32";57,92;22,55;0;0;0;0;0;14;26;20;0,0059;0,1139;-0,1139;0;"Prov. Namur";"Landbouw, Water en Voedsel";"NL32";"west";"BE35";95,2924;95,2924
"Kringloop Landbouw";"RO31";"NL32";57,92;3,7;0;0;0;0;0;14;2;8;0,0024;0,0455;-0,0455;0;"Sud - Muntenia";"Landbouw, Water en Voedsel";"NL32";"west";"RO31";35,2354;35,2354
"Kringloop Landbouw";"ES30";"NL32";57,92;15,7;0;0;0;0;0;14;27;20,5;0,006;0,1167;-0,1167;0;"Comunidad de Madrid";"Landbouw, Water en Voedsel";"NL32";"west";"ES30";75,7489;75,7489
"Kringloop Landbouw";"NO04";"NL32";57,92;15,01;0;0;0;0;0;14;1;7,5;0,0022;0,0427;-0,0427;0;"Agder og Rogaland";"Landbouw, Water en Voedsel";"NL32";"west";"NO04";72,8959;72,8959
"Kringloop Landbouw";"SK01";"NL32";57,92;8,09;0;0;0;0;0;14;1;7,5;0,0022;0,0427;-0,0427;0;"Bratislavský kraj";"Landbouw, Water en Voedsel";"NL32";"west";"SK01";47,3609;47,3609
"Kringloop Landbouw";"HU10";"NL32";57,92;3,02;0;0;0;0;0;14;1;7,5;0,0022;0,0427;-0,0427;0;"Közép-Magyarország";"Landbouw, Water en Voedsel";"NL32";"west";"HU10";34,6648;34,6648
"Kringloop Landbouw";"DE22";"NL32";57,92;14,53;0;0;0;0;0;14;8;11;0,0032;0,0626;-0,0626;0;"Niederbayern";"Landbouw, Water en Voedsel";"NL32";"west";"DE22";71,7546;71,7546
"Kringloop Landbouw";"DK03";"NL32";57,92;8,16;0;0;0;0;0;14;9;11,5;0,0034;0,0655;-0,0655;0;"Syddanmark";"Landbouw, Water en Voedsel";"NL32";"west";"DK03";47,7889;47,7889
"Kringloop Landbouw";"FR43";"NL32";57,92;9,73;0;0;0;0;0;14;3;8,5;0,0025;0,0484;-0,0484;0;"Franche-Comté";"Landbouw, Water en Voedsel";"NL32";"west";"FR43";53,7803;53,7803
"Kringloop Landbouw";"FI1C";"NL32";57,92;24,67;0;0;0;0;0;14;19;16,5;0,0049;0,0939;-0,0939;0;"Etelä-Suomi";"Landbouw, Water en Voedsel";"NL32";"west";"FI1C";97,1469;97,1469
"Kringloop Landbouw";"DE25";"NL32";57,92;8,5;0;0;0;0;0;14;31;22,5;0,0066;0,1281;-0,1281;0;"Mittelfranken";"Landbouw, Water en Voedsel";"NL32";"west";"DE25";48,5021;48,5021
"Kringloop Landbouw";"FR23";"NL32";57,92;11,17;0;0;0;0;0;14;10;12;0,0035;0,0683;-0,0683;0;"Haute-Normandie";"Landbouw, Water en Voedsel";"NL32";"west";"FR23";61,3409;61,3409
"Kringloop Landbouw";"PT11";"NL32";57,92;20,56;0;0;0;0;0;14;10;12;0,0035;0,0683;-0,0683;0;"Norte";"Landbouw, Water en Voedsel";"NL32";"west";"PT11";90,8702;90,8702
"Kringloop Landbouw";"AT22";"NL32";57,92;20,36;0;0;0;0;0;14;11;12,5;0,0037;0,0712;-0,0712;0;"Steiermark";"Landbouw, Water en Voedsel";"NL32";"west";"AT22";90,2996;90,2996
"Kringloop Landbouw";"FR72";"NL32";57,92;12,27;0;0;0;0;0;14;13;13,5;0,004;0,0769;-0,0769;0;"Auvergne";"Landbouw, Water en Voedsel";"NL32";"west";"FR72";64,3367;64,3367
