"id";"x";"y";"value";"parent";"color";"count";"rca";"sbi3"
"Accounting, bookkeeping and auditing activities; tax consultancy";40,77;21,6865;26549;"Diensten (Zakelijk, Onderwijs, Gezondheid)";"Yellow";26549;1,167;"692: Accountancy, belastingadvisering en administratie"
"Activities auxiliary to financial services, except insurance and pension funding";49,5;33,6343;6276;"Diensten (Zakelijk, Onderwijs, Gezondheid)";"Yellow";6276;2,086;"661: Financiële bemiddeling, advisering e.d."
"Activities auxiliary to insurance and pension funding";42,75;24,2801;6867;"Diensten (Zakelijk, Onderwijs, Gezondheid)";"Yellow";6867;1,011;"662: Dienstverlening op gebied v. verzekeringen, pensioenfondsen"
"Activities of business, employers and professional membership organisations";49,41;54,5327;790;"Diensten (Persoonlijke) ";"Blue";790;0,548;"941: Bedrijfs-, werkgevers- en beroepsorganisaties"
"Activities of call centres";43,88;57,002;4813;"Diensten (Persoonlijke) ";"Blue";4813;0,965;"822: Callcenters"
"Activities of employment placement agencies";51,69;55,3304;10096;"Diensten (Persoonlijke) ";"Blue";10096;1,431;"781: Arbeidsbemiddeling"
"Activities of extraterritorial organisations and bodies";46,99;94,6536;136;"Openbaar Bestuur";"Red";136;0,152;"990: Extraterritoriale organisaties en lichamen"
"Activities of head offices";49,76;32,2654;14965;"Diensten (Zakelijk, Onderwijs, Gezondheid)";"Yellow";14965;2,822;"701: Holdings (geen financiële), interne concerndiensten"
"Activities of holding companies";46,71;28,9232;9909;"Diensten (Zakelijk, Onderwijs, Gezondheid)";"Yellow";9909;2,83;"642: Financiële holdings"
"Activities of other membership organisations";45,93;31,2163;7109;"Diensten (Persoonlijke) ";"Blue";7109;1,239;"949: Levensbeschouwelijke en politieke organisaties"
"Activities of trade unions";48,69;66,0854;224;"Diensten (Persoonlijke) ";"Blue";224;0,491;"942: Werknemersorganisaties"
"Administration of the State and the economic and social policy of the community";43,58;42,0076;37330;"Openbaar Bestuur";"Red";37330;0,685;"841: Openbaar bestuur"
"Advertising";49,94;36,4367;17298;"Diensten (Zakelijk, Onderwijs, Gezondheid)";"Yellow";17298;1,62;"731: Reclamebureaus en handel in advertenties en -tijdschriften"
"Amusement and recreation activities";38,74;13,5906;4134;"Diensten (Zakelijk, Onderwijs, Gezondheid)";"Yellow";4134;0,919;"932: Overige recreatie"
"Animal production";31,04;2,0882;3551;"Landbouw";"Green";3551;0,258;"014: Fokken en houden van dieren"
"Aquaculture";35,81;3,1402;34;"Landbouw";"Green";34;0,29;"032: Kweken van vis en schaaldieren"
"Architectural and engineering activities and related technical consultancy";39,76;26,679;24375;"Diensten (Zakelijk, Onderwijs, Gezondheid)";"Yellow";24375;0,805;"711: Architecten, ingenieurs en technisch ontwerp en advies"
"Beverage serving activities";35,73;12,105;14033;"Diensten (Persoonlijke) ";"Blue";14033;1,405;"563: Cafés"
"Building completion and finishing";32,5;6,6627;15464;"Utilities";"Orange";15464;0,871;"433: Afwerking van gebouwen"
"Building of ships and boats";37,48;11,407;1370;"Industrie";"Black";1370;0,565;"301: Scheepsbouw"
"Buying and selling of own real estate";44,87;25,2497;2029;"Diensten (Zakelijk, Onderwijs, Gezondheid)";"Yellow";2029;2,029;"681: Handel in eigen onroerend goed"
"Camping grounds, recreational vehicle parks and trailer parks";32,76;1,0719;691;"Diensten (Persoonlijke) ";"Blue";691;0,399;"553: Kampeerterreinen"
"Casting of metals";32,4;9,7847;30;"Industrie";"Black";30;0,052;"245: Gieten van metalen"
"Cleaning activities";38,7;27,2221;24385;"Diensten (Persoonlijke) ";"Blue";24385;0,975;"812: Reiniging"
"Combined facilities support activities";47,49;34,552;1138;"Diensten (Persoonlijke) ";"Blue";1138;1,437;"811: Facility management"
"Compulsory social security activities";47,3;70,9868;3333;"Openbaar Bestuur";"Red";3333;1,224;"843: Verplichte sociale verzekeringen"
"Computer programming, consultancy and related activities";51,02;46,0266;60708;"Diensten (Zakelijk, Onderwijs, Gezondheid)";"Yellow";60708;1,345;"620: Dienstverlenende activiteiten m.b.t. informatietechnologie"
"Construction of other civil engineering projects";39,28;17,223;424;"Utilities";"Orange";424;0,354;"429: Bouw van overige civieltechnische werken"
"Construction of residential and non-residential buildings";33,65;8,1287;31105;"Utilities";"Orange";31105;0,951;"412: Algemene burgerlijke en utiliteitsbouw"
"Construction of roads and railways";35,4;12,6566;3929;"Utilities";"Orange";3929;0,75;"421: Bouw van wegen, spoorwegen en kunstwerken"
"Construction of utility projects";38,05;18,6576;1201;"Utilities";"Orange";1201;0,423;"422: Leggen van kabels en buizen"
"Creative, arts and entertainment activities";55,19;44,8036;38362;"Diensten (Zakelijk, Onderwijs, Gezondheid)";"Yellow";38362;1,822;"900: Kunst"
"Cutting, shaping and finishing of stone";35,8;17,0395;216;"Industrie";"Black";216;0,619;"237: Natuursteenbewerking"
"Data processing, hosting and related activities; web portals";50,81;43,6383;6539;"Diensten (Zakelijk, Onderwijs, Gezondheid)";"Yellow";6539;1,857;"631: Gegevensverwerking, webhosting en aanverwante activiteiten"
"Demolition and site preparation";33,02;5,6077;2536;"Utilities";"Orange";2536;0,571;"431: Slopen van bouwwerken, grondverzet en proefboren"
"Development of building projects";46,65;30,6793;3168;"Utilities";"Orange";3168;1,763;"411: Projectontwikkeling"
"Educational support activities";38,69;26,6218;889;"Diensten (Zakelijk, Onderwijs, Gezondheid)";"Yellow";889;0,558;"856: Dienstverlening voor het onderwijs"
"Electric power generation, transmission and distribution";42,59;45,4079;5227;"Utilities";"Orange";5227;0,795;"351: Productie van elektriciteit; transmissie en distributie"
"Electrical, plumbing and other construction installation activities";33,1;8,0907;16944;"Utilities";"Orange";16944;0,699;"432: Bouwinstallatie"
"Event catering and other food service activities";44,61;25,8866;16957;"Diensten (Persoonlijke) ";"Blue";16957;1,825;"562: Kantines en catering"
"Extraction of crude petroleum";60,4;55,7373;310;"Landbouw";"Green";310;2,338;"061: Winning van aardolie"
"Extraction of natural gas";28,59;15,3083;13;"Landbouw";"Green";13;0,174;"062: Winning van aardgas"
"Finishing of textiles";35,45;8,4558;303;"Industrie";"Black";303;0,638;"133: Textielveredeling"
"Fishing";40,33;10,6356;497;"Landbouw";"Green";497;1,142;"031: Visserij"
"Forging, pressing, stamping and roll-forming of metal; powder metallurgy";32,99;8,7136;450;"Industrie";"Black";450;0,364;"255: Smeden, persen, stampen en profielwalsen van metaal"
"Freight air transport and space transport";51,56;38,2138;312;"Utilities";"Orange";312;3,415;"512: Goederenvervoer door de lucht"
"Freight rail transport";42,2;42,7175;13;"Utilities";"Orange";13;0,148;"492: Goederenvervoer per spoor"
"Freight transport by road and removal services";30,98;4,3977;17746;"Utilities";"Orange";17746;0,675;"494: Goederenvervoer over de weg"
"Fund management activities";44,73;23,9744;746;"Diensten (Zakelijk, Onderwijs, Gezondheid)";"Yellow";746;2,165;"663: Vermogensbeheer"
"Gambling and betting activities";48;48,8675;2379;"Diensten (Zakelijk, Onderwijs, Gezondheid)";"Yellow";2379;1,636;"920: Loterijen en kansspelen"
"Growing of non-perennial crops";32,6;0,4957;6737;"Landbouw";"Green";6737;0,653;"011: Teelt van eenjarige gewassen"
"Growing of perennial crops";34,78;2,9599;375;"Landbouw";"Green";375;0,213;"012: Teelt van meerjarige gewassen"
"Higher education";48,01;77,9911;18324;"Diensten (Zakelijk, Onderwijs, Gezondheid)";"Yellow";18324;0,789;"854: Tertiair onderwijs"
"Holiday and other short-stay accommodation";35,8;7,8769;1597;"Diensten (Persoonlijke) ";"Blue";1597;0,636;"552: Verhuur van vakantiehuisjes en appartementen; jeugdherbergen"
"Hospital activities";42,04;45,0471;52656;"Diensten (Zakelijk, Onderwijs, Gezondheid)";"Yellow";52656;0,916;"861: Ziekenhuizen"
"Hotels and similar accommodation";39,38;15,6209;18655;"Diensten (Persoonlijke) ";"Blue";18655;1,585;"551: Hotels e.d."
"Hunting, trapping and related service activities";40,76;6,6031;8;"Landbouw";"Green";8;1;"017: Jacht"
"Inland freight water transport";35,97;11,6403;449;"Utilities";"Orange";449;0,289;"504: Binnenvaart (vracht-, tank- en sleepvaart)"
"Inland passenger water transport";41,62;16,3362;1404;"Utilities";"Orange";1404;2,325;"503: Binnenvaart (passagiersvaart en veerdiensten)"
"Installation of industrial machinery and equipment";34,04;10,99;1025;"Industrie";"Black";1025;0,453;"332: Installatie van industriële machines en apparatuur"
"Insurance";44,53;62,1271;3279;"Diensten (Zakelijk, Onderwijs, Gezondheid)";"Yellow";3279;0,44;"651: Verzekeringen (geen herverzekering)"
"Investigation activities";46,79;26,7777;168;"Diensten (Persoonlijke) ";"Blue";168;1,361;"803: Opsporing"
"Landscape service activities";33,06;7,0734;3897;"Diensten (Persoonlijke) ";"Blue";3897;0,588;"813: Landschapsverzorging"
"Leasing of intellectual property and similar products, except copyrighted works";49,92;32,3215;2088;"Diensten (Persoonlijke) ";"Blue";2088;3,252;"774: Lease van niet-financiële immateriële activa"
"Legal activities";54,49;64,9008;19399;"Diensten (Zakelijk, Onderwijs, Gezondheid)";"Yellow";19399;1,63;"691: Rechtskundige dienstverlening"
"Libraries, archives, museums and other cultural activities";44,46;27,6738;6459;"Diensten (Zakelijk, Onderwijs, Gezondheid)";"Yellow";6459;1,3;"910: Culturele uitleencentra, archieven, musea, dierentuinen"
"Logging";36,55;6,5952;61;"Landbouw";"Green";61;1,75;"022: Exploitatie van bossen"
"Maintenance and repair of motor vehicles";32,94;10,2644;3551;"Retail";"Purple";3551;0,717;"452: Gespecialiseerde reparatie van auto's"
"Management consultancy activities";48,18;35,6421;61331;"Diensten (Zakelijk, Onderwijs, Gezondheid)";"Yellow";61331;1,444;"702: Advisering op het gebied van management en bedrijfsvoering"
"Manufacture of agricultural and forestry machinery";32,51;4,0897;795;"Industrie";"Black";795;0,41;"283: Vervaardiging van machines, werktuigen voor land- en bosb."
"Manufacture of air and spacecraft and related machinery";37,6;33,5384;531;"Industrie";"Black";531;0,639;"303: Vervaardiging van vliegtuigen en onderdelen daarvoor"
"Manufacture of articles of concrete, cement and plaster";32,79;9,4368;292;"Industrie";"Black";292;0,138;"236: Vervaardiging van producten van beton, gips en cement"
"Manufacture of articles of fur";20,94;13,8643;0;"Industrie";"Black";0;0;"142: Vervaardiging van artikelen van bont"
"Manufacture of bakery and farinaceous products";33,12;7,8465;5572;"Industrie";"Black";5572;0,847;"107: Vervaardiging van brood, banketbakkerswerk en deegwaren"
"Manufacture of basic chemicals, fertilisers and nitrogen compounds, plastics and synthetic rubber in primary forms";37,72;22,6441;1180;"Industrie";"Black";1180;0,24;"201: Vervaardiging van chemische basisproducten, kunstmeststoffen"
"Manufacture of basic iron and steel and of ferro-alloys";41,48;4,9582;9435;"Industrie";"Black";9435;4,894;"241: Vervaardiging van ijzer en staal en van ferrolegeringen"
"Manufacture of basic pharmaceutical products";36,82;30,114;38;"Industrie";"Black";38;0,122;"211: Vervaardiging van farmaceutische grondstoffen"
"Manufacture of basic precious and other non-ferrous metals";37,62;14,7685;147;"Industrie";"Black";147;0,219;"244: Vervaardiging van edelmetalen en overige non-ferrometalen"
"Manufacture of batteries and accumulators";46,9;32,99;71;"Industrie";"Black";71;2,158;"272: Vervaardiging van batterijen en accumulatoren"
"Manufacture of beverages";38,94;24,8955;725;"Industrie";"Black";725;0,381;"110: Vervaardiging van dranken"
"Manufacture of bodies (coachwork) for motor vehicles; manufacture of trailers and semi-trailers";32,34;5,1614;389;"Industrie";"Black";389;0,286;"292: Carrosseriebouw; vervaardiging van aanhangwagens, opleggers"
"Manufacture of cement, lime and plaster";50,79;44,4867;50;"Industrie";"Black";50;1,074;"235: Vervaardiging van cement, kalk en gips"
"Manufacture of clay building materials";33,76;8,7346;48;"Industrie";"Black";48;0,108;"233: Vervaardiging van keramische producten voor de bouw"
"Manufacture of communication equipment";39,63;27,0137;401;"Industrie";"Black";401;0,713;"263: Vervaardiging van communicatieapparatuur"
"Manufacture of computers and peripheral equipment";43,71;28,7874;122;"Industrie";"Black";122;0,425;"262: Vervaardiging van computers en randapparatuur"
"Manufacture of consumer electronics";44,97;26,5689;241;"Industrie";"Black";241;1,667;"264: Vervaardiging van consumentenelektronica"
"Manufacture of cutlery, tools and general hardware";33,99;11,0078;370;"Industrie";"Black";370;0,435;"257: Vervaardiging v. scharen, messen, bestek, hang- en sluitwerk"
"Manufacture of dairy products";34,88;10,7725;909;"Industrie";"Black";909;0,329;"105: Vervaardiging van zuivelproducten"
"Manufacture of domestic appliances";37,55;24,5608;400;"Industrie";"Black";400;0,555;"275: Vervaardiging van huishoudapparaten"
"Manufacture of electric lighting equipment";40,45;15,574;1300;"Industrie";"Black";1300;1,55;"274: Vervaardiging van elektrische lampen, verlichtingsapparaten"
"Manufacture of electric motors, generators, transformers and electricity distribution and control apparatus";34,66;11,561;589;"Industrie";"Black";589;0,629;"271: Vervaardiging van elektromotoren, elektrische generatoren"
"Manufacture of electronic components and boards";34,88;17,0092;401;"Industrie";"Black";401;0,317;"261: Vervaardiging van elektronische componenten en printplaten"
"Manufacture of footwear";36,14;10,25;71;"Industrie";"Black";71;0,353;"152: Vervaardiging van schoenen"
"Manufacture of furniture";31,9;3,5865;3617;"Industrie";"Black";3617;0,676;"310: Vervaardiging van meubels"
"Manufacture of games and toys";41,44;11,4748;626;"Industrie";"Black";626;1,802;"324: Vervaardiging van speelgoed en spellen"
"Manufacture of gas; distribution of gaseous fuels through mains";36,3;22,3891;6;"Industrie";"Black";6;0,375;"352: Productie van aardgas"
"Manufacture of general-purpose machinery";34,37;14,9321;1210;"Industrie";"Black";1210;0,472;"281: Vervaardiging van motoren, turbines, pompen, compressoren"
"Manufacture of glass and glass products";36,58;18,5087;196;"Industrie";"Black";196;0,212;"231: Vervaardiging van glas en glaswerk"
"Manufacture of grain mill products, starches and starch products";35,55;8,7979;342;"Industrie";"Black";342;0,569;"106: Vervaardiging van meel"
"Manufacture of instruments and appliances for measuring, testing and navigation; watches and clocks";39,56;25,5038;1264;"Industrie";"Black";1264;0,578;"265: Vervaardiging van meet-, regel-, en controleapparatuur"
"Manufacture of irradiation, electromedical and electrotherapeutic equipment";28,45;23,569;43;"Industrie";"Black";43;0,057;"266: Vervaardiging van bestralingsapparatuur e.d."
"Manufacture of jewellery, bijouterie and related articles";39,79;19,1368;616;"Industrie";"Black";616;1,147;"321: Slaan van munten; bewerken van edelstenen"
"Manufacture of knitted and crocheted apparel";36,76;29,8871;3;"Industrie";"Black";3;0,333;"143: Vervaardiging van gebreide en gehaakte kleding"
"Manufacture of magnetic and optical media";39,71;23,5811;4;"Industrie";"Black";4;0,167;"268: Vervaardiging van informatiedragers"
"Manufacture of man-made fibres";32,73;17,2576;92;"Industrie";"Black";92;0,187;"206: Vervaardiging van synthetische en kunstmatige vezels"
"Manufacture of medical and dental instruments and supplies";37,12;25,2743;1684;"Industrie";"Black";1684;0,47;"325: Vervaardiging van medische instrumenten en hulpmiddelen"
"Manufacture of metal forming machinery and machine tools";39,35;9,9301;487;"Industrie";"Black";487;1,08;"284: Vervaardiging van gereedschapswerktuigen"
"Manufacture of motor vehicles";32,72;33,7731;274;"Industrie";"Black";274;0,096;"291: Vervaardiging van auto's"
"Manufacture of musical instruments";39,27;17,4107;137;"Industrie";"Black";137;0,952;"322: Vervaardiging van muziekinstrumenten"
"Manufacture of optical instruments and photographic equipment";37,14;17,7065;20;"Industrie";"Black";20;0,067;"267: Vervaardiging van optische instrumenten en apparatuur"
"Manufacture of other chemical products";39,95;20,4909;1662;"Industrie";"Black";1662;1,052;"205: Vervaardiging van overige chemische producten"
"Manufacture of other electrical equipment";39,71;19,2406;112;"Industrie";"Black";112;0,124;"279: Vervaardiging van overige elektrische apparatuur"
"Manufacture of other fabricated metal products";32,36;13,268;745;"Industrie";"Black";745;0,307;"259: Vervaardiging van overige producten van metaal"
"Manufacture of other food products";36,24;11,4578;6494;"Industrie";"Black";6494;1,206;"108: Vervaardiging van overige voedingsmiddelen"
"Manufacture of other general-purpose machinery";32,6;11,2502;2289;"Industrie";"Black";2289;0,345;"282: Vervaardiging van overige machines en apparaten"
"Manufacture of other porcelain and ceramic products";35,1;11,8411;92;"Industrie";"Black";92;0,541;"234: Vervaardiging van overige keramische producten"
"Manufacture of other products of first processing of steel";31,88;17,1946;10;"Industrie";"Black";10;0,065;"243: Overige eerste verwerking van staal"
"Manufacture of other special-purpose machinery";33,18;6,5043;1543;"Industrie";"Black";1543;0,21;"289: Vervaardiging van overige machines, apparaten en werktuigen"
"Manufacture of other textiles";32,37;4,4116;650;"Industrie";"Black";650;0,391;"139: Vervaardiging van overige textielproducten"
"Manufacture of paints, varnishes and similar coatings, printing ink and mastics";42,48;11,8455;1405;"Industrie";"Black";1405;1,277;"203: Vervaardiging van verf, vernis e.d., drukinkt en mastiek"
"Manufacture of parts and accessories for motor vehicles";33,73;11,6698;379;"Industrie";"Black";379;0,33;"293: Vervaardiging van onderdelen en toebehoren voor auto's"
"Manufacture of pesticides and other agrochemical products";43;34,049;6;"Industrie";"Black";6;0,065;"202: Vervaardiging van verdelgingsmiddelen e.d."
"Manufacture of pharmaceutical preparations";42,95;28,0903;3092;"Industrie";"Black";3092;1,239;"212: Vervaardiging van farmaceutische producten"
"Manufacture of plastic products";32,14;4,7452;4586;"Industrie";"Black";4586;0,723;"222: Vervaardiging van producten van kunststof"
"Manufacture of prepared animal feeds";32,12;3,6409;263;"Industrie";"Black";263;0,192;"109: Vervaardiging van diervoeders"
"Manufacture of products of wood, cork, straw and plaiting materials";30,89;2,9669;1261;"Industrie";"Black";1261;0,409;"162: Vervaardiging van artikelen van hout, kurk, riet, vlechtwerk"
"Manufacture of pulp, paper and paperboard";38,68;23,1793;491;"Industrie";"Black";491;0,582;"171: Vervaardiging van papierpulp, papier en karton"
"Manufacture of railway locomotives and rolling stock";53,56;77,4447;1273;"Industrie";"Black";1273;3,26;"302: Vervaardiging van rollend spoor- en tramwegmaterieel"
"Manufacture of refined petroleum products";38,33;25,0503;111;"Industrie";"Black";111;0,118;"192: Aardolieverwerking"
"Manufacture of refractory products";34,04;28,1973;3;"Industrie";"Black";3;0,051;"232: Vervaardiging van vuurvaste keramische producten"
"Manufacture of rubber products";35,48;14,2911;40;"Industrie";"Black";40;0,063;"221: Vervaardiging van producten van rubber"
"Manufacture of soap and detergents, cleaning and polishing preparations, perfumes and toilet preparations";38,69;20,3058;942;"Industrie";"Black";942;0,948;"204: Vervaardiging van zeep, was-, poets- en reinigingsmiddelen"
"Manufacture of sports goods";39,47;14,0527;96;"Industrie";"Black";96;0,467;"323: Vervaardiging van sportartikelen"
"Manufacture of steam generators, except central heating hot water boilers";28,17;33,783;0;"Industrie";"Black";0;0;"253: Vervaardiging van stoomketels (niet voor c.v.)"
"Manufacture of structural metal products";30,42;4,0331;2793;"Industrie";"Black";2793;0,357;"251: Vervaardiging van metalen producten voor de bouw"
"Manufacture of tanks, reservoirs and containers of metal";34,82;10,7441;128;"Industrie";"Black";128;0,146;"252: Vervaardiging van reservoirs van metaal, ketels"
"Manufacture of tobacco products";32,1;30,456;3;"Industrie";"Black";3;0,015;"120: Vervaardiging van tabaksproducten"
"Manufacture of tubes, pipes, hollow profiles and related fittings, of steel";33,52;13,0945;23;"Industrie";"Black";23;0,061;"242: Vervaardiging van stalen buizen, pijpen, holle profielen"
"Manufacture of vegetable and animal oils and fats";42,58;11,1489;1026;"Industrie";"Black";1026;1,769;"104: Vervaardiging van plantaardige en dierlijke oliën en vetten"
"Manufacture of weapons and ammunition";49,91;33,4279;1;"Industrie";"Black";1;1;"254: Vervaardiging van wapens en munitie"
"Manufacture of wearing apparel, except fur apparel";36,9;11,8181;1101;"Industrie";"Black";1101;0,362;"141: Vervaardiging van kleding (geen bontkleding)"
"Manufacture of wiring and wiring devices";35,02;20,1958;10;"Industrie";"Black";10;0,021;"273: Vervaardiging van elektrische en elektronische kabels"
"Market research and public opinion polling";53,53;48,4153;7056;"Diensten (Zakelijk, Onderwijs, Gezondheid)";"Yellow";7056;1,779;"732: Markt- en opinieonderzoekbureaus"
"Materials recovery";32,69;6,5521;878;"Utilities";"Orange";878;0,768;"383: Voorbereiding tot recycling"
"Medical and dental practice activities";40,11;27,7446;27093;"Diensten (Zakelijk, Onderwijs, Gezondheid)";"Yellow";27093;0,99;"862: Medische en tandheelkundige praktijken"
"Mixed farming";31,69;1,9341;585;"Landbouw";"Green";585;0,394;"015: Akker- en/of tuinbouw in combinatie met veehouderij"
"Monetary intermediation";45,89;30,7659;33320;"Diensten (Zakelijk, Onderwijs, Gezondheid)";"Yellow";33320;2,483;"641: Geldscheppende financiële instellingen"
"Motion picture, video and television programme activities";57,78;51,287;15012;"Diensten (Zakelijk, Onderwijs, Gezondheid)";"Yellow";15012;2,524;"591: Productie en distributie van films en televisieprogrammas"
"Non-specialised wholesale trade";36,04;14,6456;1142;"Retail";"Purple";1142;0,666;"469: Niet-gespecialiseerde groothandel"
"Office administrative and support activities";42,47;25,5463;3245;"Diensten (Persoonlijke) ";"Blue";3245;1,08;"821: Brede administratieve en secretariële dienstverlening"
"Organisation of conventions and trade shows";50,48;35,834;1751;"Diensten (Persoonlijke) ";"Blue";1751;2,042;"823: Organiseren van congressen en beurzen"
"Other accommodation";34,42;9,1624;126;"Diensten (Persoonlijke) ";"Blue";126;0,745;"559: Overige logiesverstrekking"
"Other education";42,91;28,9491;33502;"Diensten (Zakelijk, Onderwijs, Gezondheid)";"Yellow";33502;1,134;"855: Overig onderwijs"
"Other financial service activities, except insurance and pension funding";53,58;59,3693;5096;"Diensten (Zakelijk, Onderwijs, Gezondheid)";"Yellow";5096;1,746;"649: Kredietverstrekking en overige financiële intermediatie"
"Other human health activities";42,7;36,1017;42925;"Diensten (Zakelijk, Onderwijs, Gezondheid)";"Yellow";42925;0,992;"869: Paramedische praktijken en overige gezondsheidszorg"
"Other human resources provision";43,17;28,5683;135;"Diensten (Persoonlijke) ";"Blue";135;0,83;"783: Payrolling (personeelsbeheer)"
"Other information service activities";50,18;38,4173;1268;"Diensten (Zakelijk, Onderwijs, Gezondheid)";"Yellow";1268;2,003;"639: Overige dienstverlenende activiteiten op het gebied van info"
"Other personal service activities";34,56;11,525;24858;"Diensten (Persoonlijke) ";"Blue";24858;0,931;"960: Wellness en overige dienstverlening; uitvaartbranche"
"Other postal and courier activities";45,5;30,9533;5980;"Utilities";"Orange";5980;1,134;"532: Post zonder universele dienstverplichting en koeriers"
"Other reservation service and related activities";52,84;43,6962;1434;"Diensten (Persoonlijke) ";"Blue";1434;1,249;"799: Informatieverstrekking op het gebied van toerisme"
"Other residential care activities";37,46;18,5395;4407;"Diensten (Zakelijk, Onderwijs, Gezondheid)";"Yellow";4407;0,443;"879: Jeugdzorg en maatschappelijke opvang met overnachting"
"Other social work activities without accommodation";42,57;30,6799;39213;"Diensten (Zakelijk, Onderwijs, Gezondheid)";"Yellow";39213;1,071;"889: Maatschap. dienstverl. zonder overnachting (overige)"
"Other specialised construction activities";32,07;5,1;6103;"Utilities";"Orange";6103;0,613;"439: Dakbouw en overige gespecialiseerde werkzaamheden in de bouw"
"Other specialised wholesale";31,98;9,7503;11148;"Retail";"Purple";11148;0,656;"467: Overige gespecialiseerde groothandel"
"Other telecommunications activities";55,1;59,3247;2405;"Diensten (Zakelijk, Onderwijs, Gezondheid)";"Yellow";2405;1,296;"619: Overige telecommunicatie"
"Passenger air transport";73,45;67,8452;21547;"Utilities";"Orange";21547;5,327;"511: Personenvervoer door de lucht"
"Passenger rail transport, interurban";50,8;74,4039;2555;"Utilities";"Orange";2555;1,072;"491: Personenvervoer per spoor (geen tram of metro)"
"Pension funding";48,37;94,8145;139;"Diensten (Zakelijk, Onderwijs, Gezondheid)";"Yellow";139;0,126;"653: Pensioenfondsen"
"Photographic activities";43,15;26,3217;5948;"Diensten (Zakelijk, Onderwijs, Gezondheid)";"Yellow";5948;1,314;"742: Fotografie en ontwikkelen van fotos en films"
"Plant propagation";35,55;1,9779;5522;"Landbouw";"Green";5522;1,082;"013: Teelt van sierplanten"
"Postal activities under universal service obligation";40,74;47,0775;4384;"Utilities";"Orange";4384;0,743;"531: Nationale post met universele dienstverplichting"
"Preparation and spinning of textile fibres";32,37;13,6916;10;"Industrie";"Black";10;0,182;"131: Bewerken en spinnen van textielvezels"
"Primary education";34,24;12,8799;31262;"Diensten (Zakelijk, Onderwijs, Gezondheid)";"Yellow";31262;0,898;"852: Primair en speciaal onderwijs"
"Printing and service activities related to printing";36,92;19,0346;3249;"Industrie";"Black";3249;0,936;"181: Drukkerijen en dienstverlening voor drukkerijen"
"Private security activities";43,87;36,7113;10431;"Diensten (Persoonlijke) ";"Blue";10431;1,701;"801: Particuliere beveiliging"
"Processing and preserving of fish, crustaceans and molluscs";39,82;11,5765;347;"Industrie";"Black";347;0,365;"102: Visverwerking"
"Processing and preserving of fruit and vegetables";33,74;6,2319;1059;"Industrie";"Black";1059;0,467;"103: Verwerking van aardappels, groente en fruit"
"Processing and preserving of meat and production of meat products";33,57;7,5282;1099;"Industrie";"Black";1099;0,271;"101: Slachterijen en vleesverwerking"
"Provision of services to the community as a whole";43,41;37,1458;28137;"Openbaar Bestuur";"Red";28137;0,896;"842: Overheidsdiensten"
"Publishing of books, periodicals and other publishing activities";53,28;50,5579;8227;"Diensten (Zakelijk, Onderwijs, Gezondheid)";"Yellow";8227;2,107;"581: Uitgeverijen van boeken, tijdschriften e.d.; databanken"
"Quarrying of stone, sand and clay";32,16;8,8229;70;"Landbouw";"Green";70;0,441;"081: Winning van zand, grind en klei"
"Radio broadcasting";53,64;43,33;577;"Diensten (Zakelijk, Onderwijs, Gezondheid)";"Yellow";577;2,724;"601: Radio-omroepen"
"Real estate activities on a fee or contract basis";45,39;30,0359;10184;"Diensten (Zakelijk, Onderwijs, Gezondheid)";"Yellow";10184;1,559;"683: Bemiddeling in en beheer van onroerend"
"Reinsurance";67,87;100;201;"Diensten (Zakelijk, Onderwijs, Gezondheid)";"Yellow";201;3,9;"652: Herverzekering"
"Remediation activities and other waste management services";36,1;13,5154;336;"Utilities";"Orange";336;0,689;"390: Sanering en overig afvalbeheer"
"Rental and leasing of motor vehicles";44,87;27,8374;2057;"Diensten (Persoonlijke) ";"Blue";2057;1,153;"771: Verhuur en lease van auto's"
"Rental and leasing of other machinery, equipment and tangible goods";33,86;9,5449;1985;"Diensten (Persoonlijke) ";"Blue";1985;0,712;"773: Verhuur en lease van machines en werktuigen e.d."
"Rental and leasing of personal and household goods";34,04;8,8651;1812;"Diensten (Persoonlijke) ";"Blue";1812;0,922;"772: Verhuur van consumentenartikelen"
"Rental and operating of own or leased real estate";40,49;26,0775;7809;"Diensten (Zakelijk, Onderwijs, Gezondheid)";"Yellow";7809;1,124;"682: Verhuur van onroerend goed"
"Repair of computers and communication equipment";38,29;14,5011;1071;"Diensten (Persoonlijke) ";"Blue";1071;1,196;"951: Reparatie van computers en communicatieapparatuur"
"Repair of fabricated metal products, machinery and equipment";33,12;8,0043;4483;"Industrie";"Black";4483;0,898;"331: Reparatie van producten van metaal, machines en apparatuur"
"Repair of personal and household goods";34,47;9,9568;2410;"Diensten (Persoonlijke) ";"Blue";2410;1,123;"952: Reparatie van consumentenartikelen (geen computers, e.d.)"
"Reproduction of recorded media";48,76;28,4599;590;"Industrie";"Black";590;2,171;"182: Reproductie van opgenomen media"
"Research and experimental development on natural sciences and engineering";44,8;41,0967;8873;"Diensten (Zakelijk, Onderwijs, Gezondheid)";"Yellow";8873;0,827;"721: Natuurwetenschappelijk speur- en ontwikkelingswerk"
"Research and experimental development on social sciences and humanities";51,78;52,9486;1654;"Diensten (Zakelijk, Onderwijs, Gezondheid)";"Yellow";1654;1,634;"722: Speur- en ontwikkelingswerk op gebied van de maatschappij"
"Residential care activities for mental retardation, mental health and substance abuse";33,39;13,0608;12127;"Diensten (Zakelijk, Onderwijs, Gezondheid)";"Yellow";12127;0,531;"872: Huizen en dagverblijven voor verstandelijk gehandicapten"
"Residential care activities for the elderly and disabled";34,4;12,0592;23909;"Diensten (Zakelijk, Onderwijs, Gezondheid)";"Yellow";23909;0,824;"873: Huizen, dagverblijven voor niet-verstandelijk gehandicapten"
"Residential nursing care activities";35,41;18,9136;11369;"Diensten (Zakelijk, Onderwijs, Gezondheid)";"Yellow";11369;0,602;"871: Verpleeghuizen"
"Restaurants and mobile food service activities";40,01;20,5902;55088;"Diensten (Persoonlijke) ";"Blue";55088;1,188;"561: Restaurants, cafetarias e.d."
"Retail sale in non-specialised stores";34,69;12,0377;55232;"Retail";"Purple";55232;0,899;"471: Supermarkten, warenhuizen en dergelijke winkels"
"Retail sale of automotive fuel in specialised stores";33,03;10,1056;1506;"Retail";"Purple";1506;0,623;"473: Benzinestations"
"Retail sale of cultural and recreation goods in specialised stores";38,83;20,9928;5821;"Retail";"Purple";5821;1,013;"476: Winkels in lectuur, sport-, kampeer- en recreatie-artikelen"
"Retail sale of food, beverages and tobacco in specialised stores";37,86;16,4613;14290;"Retail";"Purple";14290;1,201;"472: Gespecialiseerde winkels in voedings- en genotmiddelen"
"Retail sale of information and communication equipment in specialised stores";38,56;26,0706;2557;"Retail";"Purple";2557;0,974;"474: Winkels in consumenten-elektronica"
"Retail sale of other goods in specialised stores";37,08;21,048;36077;"Retail";"Purple";36077;0,984;"477: Winkels in overige artikelen"
"Retail sale of other household equipment in specialised stores";33,63;12,9043;11967;"Retail";"Purple";11967;0,754;"475: Winkels in overige huishoudelijke artikelen"
"Retail sale via stalls and markets";37,26;12,5601;3548;"Retail";"Purple";3548;1,148;"478: Markthandel"
"Retail trade not in stores, stalls or markets";38,1;17,0189;26578;"Retail";"Purple";26578;1,004;"479: Detailhandel niet via winkel of markt"
"Sale of motor vehicle parts and accessories";33,19;11,7244;1634;"Retail";"Purple";1634;0,491;"453: Handel in auto-onderdelen en -accessoires"
"Sale of motor vehicles";32,05;9,5654;13314;"Retail";"Purple";13314;0,763;"451: Handel in auto's en aanhangers"
"Sale, maintenance and repair of motorcycles and related parts and accessories";33,92;11,2934;761;"Retail";"Purple";761;0,82;"454: Handel in en reparatie van motorfietsen, onderdelen daarvan"
"Satellite telecommunications activities";55,96;57,7086;74;"Diensten (Zakelijk, Onderwijs, Gezondheid)";"Yellow";74;2,048;"613: Telecommunicatie via satelliet"
"Sawmilling and planing of wood";33,75;4,6844;195;"Industrie";"Black";195;0,457;"161: Primaire houtbewerking en verduurzamen van hout"
"Sea and coastal freight water transport";43,07;20,7407;2038;"Utilities";"Orange";2038;1,668;"502: Zee- en kustvaart (vracht-, tank- en sleepvaart)"
"Sea and coastal passenger water transport";43,62;29,5662;285;"Utilities";"Orange";285;0,843;"501: Zee- en kustvaart (passagiersvaart en veerdiensten)"
"Secondary education";37,21;29,2228;29585;"Diensten (Zakelijk, Onderwijs, Gezondheid)";"Yellow";29585;0,917;"853: Voortgezet onderwijs"
"Security systems service activities";43,78;18,2334;943;"Diensten (Persoonlijke) ";"Blue";943;1,477;"802: Beveiliging via beveiligingssystemen"
"Sewerage";40,24;11,1139;1601;"Utilities";"Orange";1601;1,12;"370: Afvalwaterinzameling en -behandeling"
"Silviculture and other forestry activities";34,62;7,93;55;"Landbouw";"Green";55;0,278;"021: Bosbouw"
"Social work activities without accommodation for the elderly and disabled";34,06;20,25;16149;"Diensten (Zakelijk, Onderwijs, Gezondheid)";"Yellow";16149;0,544;"881: Maatschap. dienstverl. zonder overnachting (ouderen/gehand.)"
"Software publishing";47,82;28,6349;323;"Diensten (Zakelijk, Onderwijs, Gezondheid)";"Yellow";323;1,938;"582: Uitgeverijen van software"
"Sound recording and music publishing activities";50,71;31,9188;2440;"Diensten (Zakelijk, Onderwijs, Gezondheid)";"Yellow";2440;2,079;"592: Maken en uitgeven van geluidsopnamen"
"Specialised design activities";47,49;31,6338;14637;"Diensten (Zakelijk, Onderwijs, Gezondheid)";"Yellow";14637;1,584;"741: Industrieel ontwerp en vormgeving"
"Sports activities";38,36;19,0942;11512;"Diensten (Zakelijk, Onderwijs, Gezondheid)";"Yellow";11512;1,021;"931: Sport"
"Support activities for other mining and quarrying";50,55;25,3062;35;"Landbouw";"Green";35;2,857;"099: Dienstverlening voor de winning van delfstoffen"
"Support activities for petroleum and natural gas extraction";45,44;41,5716;891;"Landbouw";"Green";891;1,051;"091: Dienstverlening voor de winning van aardolie en aardgas"
"Support activities for transportation";37,61;16,0693;26473;"Utilities";"Orange";26473;1,329;"522: Dienstverlening voor vervoer"
"Support activities to agriculture and post-harvest crop activities";32;2,8379;3395;"Landbouw";"Green";3395;0,45;"016: Dienstverlening voor de landbouw; behandeling van gewassen"
"Support services to forestry";33,46;1,4656;81;"Landbouw";"Green";81;1,093;"024: Dienstverlening voor de bosbouw"
"Tanning and dressing of leather; manufacture of luggage, handbags, saddlery and harness; dressing and dyeing of fur";35,73;5,6598;139;"Industrie";"Black";139;0,497;"151: Looien en bewerken v. leer; vervaardiging v. koffers, tassen"
"Technical testing and analysis";37,56;21,0085;922;"Diensten (Zakelijk, Onderwijs, Gezondheid)";"Yellow";922;0,382;"712: Keuring en controle"
"Television programming and broadcasting activities";51,61;49,7646;4810;"Diensten (Zakelijk, Onderwijs, Gezondheid)";"Yellow";4810;4,842;"602: Televisie-omroepen"
"Temporary employment agency activities";39,09;28,204;11836;"Diensten (Persoonlijke) ";"Blue";11836;1,045;"782: Uitzendbureaus, uitleenbureaus en banenpools"
"Translation and interpretation activities";51,04;41,9398;2484;"Diensten (Zakelijk, Onderwijs, Gezondheid)";"Yellow";2484;1,542;"743: Vertalers en tolken"
"Transport via pipeline";32,87;38,4371;5;"Utilities";"Orange";5;0,081;"495: Transport via pijpleidingen"
"Travel agency and tour operator activities";50,77;36,2792;9901;"Diensten (Persoonlijke) ";"Blue";9901;2,779;"791: Reisbemiddeling en reisorganisatie"
"Treatment and coating of metals; machining";31,18;5,0541;2479;"Industrie";"Black";2479;0,369;"256: Oppervlaktebehandeling en bekleding van metaal;"
"Trusts, funds and similar financial entities";50,79;32,2464;1311;"Diensten (Zakelijk, Onderwijs, Gezondheid)";"Yellow";1311;2,345;"643: Beleggingsinstellingen"
"Veterinary activities";33,79;8,7909;1704;"Diensten (Zakelijk, Onderwijs, Gezondheid)";"Yellow";1704;0,718;"750: Veterinaire dienstverlening"
"Warehousing and storage";35,45;15,6581;6011;"Utilities";"Orange";6011;0,676;"521: Opslag"
"Waste collection";40,78;25,8744;2591;"Utilities";"Orange";2591;1,043;"381: Inzameling van afval"
"Waste treatment and disposal";40,72;20,7289;1389;"Utilities";"Orange";1389;1,029;"382: Behandeling van afval"
"Water collection, treatment and supply";42,25;41,7;874;"Utilities";"Orange";874;0,797;"360: Winning en distributie van water"
"Weaving of textiles";34,3;5,6915;15;"Industrie";"Black";15;0,108;"132: Weven van textiel"
"Wholesale of agricultural raw materials and live animals";34,14;0;9449;"Retail";"Purple";9449;1,357;"462: Groothandel in landbouwproducten en levende dieren"
"Wholesale of food, beverages and tobacco";36,01;12,9884;15684;"Retail";"Purple";15684;0,78;"463: Groothandel in voedings- en genotmiddelen"
"Wholesale of household goods";39,57;22,169;27668;"Retail";"Purple";27668;1,201;"464: Groothandel in consumentenartikelen (non-food)"
"Wholesale of information and communication equipment";44,71;34,0677;13186;"Retail";"Purple";13186;1,325;"465: Groothandel in ICT-apparatuur"
"Wholesale of other machinery, equipment and supplies";33,32;10,3261;11119;"Retail";"Purple";11119;0,613;"466: Groothandel in machines, apparaten, toebehoren voor industr."
"Wholesale on a fee or contract basis";37,34;14,8767;5936;"Retail";"Purple";5936;1,015;"461: Handelsbemiddeling"
"Wired telecommunications activities";54,88;59,764;2614;"Diensten (Zakelijk, Onderwijs, Gezondheid)";"Yellow";2614;1,386;"611: Draadgebonden telecommunicatie"
"Wireless telecommunications activities";42,66;47,2497;460;"Diensten (Zakelijk, Onderwijs, Gezondheid)";"Yellow";460;0,797;"612: Draadloze telecommunicatie"
