"id";"x";"y";"label";"color";"count";"parent"
"JP";2012;28,6048184106437;"JP";"yellow";1591;"JP"
"JP";2013;28,1396658532007;"JP";"yellow";1499;"JP"
"JP";2014;26,6903213088902;"JP";"yellow";1354;"JP"
"JP";2011;25,8300271455419;"JP";"yellow";1237;"JP"
"US";2012;21,215390147429;"US";"blue";1180;"US"
"US";2011;24,472750052203;"US";"blue";1172;"US"
"US";2013;21,0437394405857;"US";"blue";1121;"US"
"US";2014;21,5257244234181;"US";"blue";1092;"US"
"US";2010;28,7236877164935;"US";"blue";1078;"US"
"JP";2015;25,9558823529412;"JP";"yellow";1059;"JP"
"JP";2016;26,078184110971;"JP";"yellow";1034;"JP"
"JP";2018;22,5171841668642;"JP";"yellow";950;"JP"
"JP";2019;21,7198788161268;"JP";"yellow";932;"JP"
"JP";2017;23,0081906180194;"JP";"yellow";927;"JP"
"US";2009;30,7948121050881;"US";"blue";926;"US"
"CN";2019;20,6245630389187;"CN";"orange";885;"CN"
"US";2017;21,494167287168;"US";"blue";866;"US"
"US";2018;19,5069921782413;"US";"blue";823;"US"
"US";2016;20,327868852459;"US";"blue";806;"US"
"CN";2020;21,593347639485;"CN";"orange";805;"CN"
"US";2015;19,7058823529412;"US";"blue";804;"US"
"US";2019;18,4805406665113;"US";"blue";793;"US"
"JP";2020;20,7081545064378;"JP";"yellow";772;"JP"
"JP";2010;19,4244604316547;"JP";"yellow";729;"JP"
"US";2008;32,6609029779059;"US";"blue";680;"US"
"CN";2018;16,0938611045271;"CN";"orange";679;"CN"
"US";2020;18,0257510729614;"US";"blue";672;"US"
"EU";2012;12,0640057533261;"DE";"green";671;"EU"
"EU";2011;12,3616621424097;"DE";"green";592;"EU"
"JP";2009;18,8560026604589;"JP";"yellow";567;"JP"
"EU";2013;10,437394405857;"DE";"green";556;"EU"
"EU";2014;10,7431500098561;"DE";"green";545;"EU"
"EU";2010;14,2286171063149;"DE";"green";534;"EU"
"US";2007;31,437125748503;"US";"blue";525;"US"
"CN";2017;12,8816083395383;"CN";"orange";519;"CN"
"EU";2015;11,1029411764706;"DE";"green";453;"EU"
"CN";2021;23,371028540657;"CN";"orange";434;"CN"
"EU";2016;10,8953341740227;"DE";"green";432;"EU"
"KR";2013;7,6215505913272;"KR";"lightgreen";406;"KR"
"EU";2009;13,3688061190555;"DE";"green";402;"EU"
"EU";2018;9,528324247452;"DE";"green";402;"EU"
"KR";2019;9,29853181076672;"KR";"lightgreen";399;"KR"
"JP";2021;20,6785137318255;"JP";"yellow";384;"JP"
"EU";2017;9,33234053114917;"DE";"green";376;"EU"
"JP";2008;18,0115273775216;"JP";"yellow";375;"JP"
"KR";2012;6,74217907227616;"KR";"lightgreen";375;"KR"
"CN";2016;9,4577553593947;"CN";"orange";375;"CN"
"JP";2007;22,0359281437126;"JP";"yellow";368;"JP"
"KR";2020;9,54935622317597;"KR";"lightgreen";356;"KR"
"EU";2019;8,20321603355861;"DE";"green";352;"EU"
"US";2006;27,0947533281128;"US";"blue";346;"US"
"KR";2014;6,70214863000197;"KR";"lightgreen";340;"KR"
"KR";2017;8,28989823777612;"KR";"lightgreen";334;"KR"
"KR";2016;8,37326607818411;"KR";"lightgreen";332;"KR"
"CN";2015;7,99019607843137;"CN";"orange";326;"CN"
"US";2021;17,4474959612278;"US";"blue";324;"US"
"EU";2020;8,58369098712446;"DE";"green";320;"EU"
"CN";2014;6,2093435836783;"CN";"orange";315;"CN"
"KR";2018;7,3003081298886;"KR";"lightgreen";308;"KR"
"US";2005;27,9452054794521;"US";"blue";306;"US"
"JP";2006;23,884103367267;"JP";"yellow";305;"JP"
"KR";2015;7,47549019607843;"KR";"lightgreen";305;"KR"
"KR";2011;6,26435581541032;"KR";"lightgreen";300;"KR"
"CN";2013;5,18115261873475;"CN";"orange";276;"CN"
"CN";2012;4,74649406688242;"CN";"orange";264;"CN"
"JP";2005;23,9269406392694;"JP";"yellow";262;"JP"
"EU";2008;12,4879923150817;"DE";"green";260;"EU"
"IN";2012;4,22509888529306;"IN";"lightblue";235;"IN"
"US";2004;26,5497076023392;"US";"blue";227;"US"
"IN";2013;4,20499342969777;"IN";"lightblue";224;"IN"
"IN";2014;4,41553321506012;"IN";"lightblue";224;"IN"
"EU";2007;12,814371257485;"DE";"green";214;"EU"
"KR";2010;5,56887823074873;"KR";"lightgreen";209;"KR"
"CN";2011;4,36416788473585;"CN";"orange";209;"CN"
"EU";2013;3,73568612727614;"FR";"green";199;"EU"
"EU";2014;3,88330376503055;"FR";"green";197;"EU"
"KR";2021;10,5008077544426;"KR";"lightgreen";195;"KR"
"EU";2005;16,8949771689498;"DE";"green";185;"EU"
"EU";2015;4,50980392156863;"FR";"green";184;"EU"
"EU";2006;13,9389193422083;"DE";"green";178;"EU"
"EU";2012;3,05645451276519;"FR";"green";170;"EU"
"JP";2004;19,5321637426901;"JP";"yellow";167;"JP"
"EU";2016;4,16141235813367;"FR";"green";165;"EU"
"EU";2011;3,34098976821883;"FR";"green";160;"EU"
"EU";2017;3,72300819061802;"FR";"green";150;"EU"
"EU";2018;3,53164256932922;"FR";"green";149;"EU"
"EU";2010;3,86357580602185;"FR";"green";145;"EU"
"EU";2004;16,8421052631579;"DE";"green";144;"EU"
"EU";2013;2,6844377698517;"UK";"green";143;"EU"
"EU";2021;7,48519116855143;"DE";"green";139;"EU"
"EU";2012;2,33728874505574;"UK";"green";130;"EU"
"KR";2009;4,19022281343532;"KR";"lightgreen";126;"KR"
"EU";2019;2,86646469354463;"FR";"green";123;"EU"
"IN";2011;2,54750469826686;"IN";"lightblue";122;"IN"
"EU";2011;2,44309876801002;"UK";"green";117;"EU"
"EU";2015;2,84313725490196;"UK";"green";116;"EU"
"EU";2020;3,03111587982833;"FR";"green";113;"EU"
"EU";2018;2,63095520265466;"UK";"green";111;"EU"
"EU";2014;2,12891780011827;"UK";"green";108;"EU"
"CN";2010;2,74447108979483;"CN";"orange";103;"CN"
"EU";2009;3,39208513468573;"FR";"green";102;"EU"
"EU";2012;1,81589356346638;"CH";"green";101;"EU"
"EU";2013;1,8772292096865;"IT";"green";100;"EU"
"EU";2010;2,6378896882494;"UK";"green";99;"EU"
"EU";2016;2,4968474148802;"UK";"green";99;"EU"
"EU";2017;2,43236535120377;"UK";"green";98;"EU"
"EU";2015;2,32843137254902;"NL";"green";95;"EU"
"EU";2011;1,9419503027772;"ES";"green";93;"EU"
"EU";2014;1,83323477232407;"CH";"green";93;"EU"
"EU";2008;4,41882804995197;"UK";"green";92;"EU"
"KR";2008;4,41882804995197;"KR";"lightgreen";92;"KR"
"EU";2012;1,61812297734628;"ES";"green";90;"EU"
"EU";2019;2,09741319039851;"UK";"green";90;"EU"
"EU";2011;1,85842555857173;"IT";"green";89;"EU"
"EU";2012;1,60014383315354;"IT";"green";89;"EU"
"EU";2012;1,58216468896081;"NL";"green";88;"EU"
"EU";2010;2,31814548361311;"ES";"green";87;"EU"
"EU";2009;2,85999334885268;"UK";"green";86;"EU"
"EU";2014;1,65582495564755;"NL";"green";84;"EU"
"IN";2015;2,00980392156863;"IN";"lightblue";82;"IN"
"EU";2010;2,15827338129496;"CH";"green";81;"EU"
"EU";2010;2,15827338129496;"IT";"green";81;"EU"
"EU";2013;1,52055565984607;"NL";"green";81;"EU"
"EU";2014;1,5966883500887;"IT";"green";81;"EU"
"EU";2013;1,5017833677492;"ES";"green";80;"EU"
"EU";2017;1,98560436832961;"CH";"green";80;"EU"
"EU";2020;2,14592274678112;"UK";"green";80;"EU"
"CA";2011;1,64961369805805;"CA";"lightgrey";79;"CA"
"EU";2009;2,49418024609245;"IT";"green";75;"EU"
"EU";2011;1,54520776780121;"NL";"green";74;"EU"
"CA";2012;1,3304566702625;"CA";"lightgrey";74;"CA"
"EU";2011;1,52432658174984;"CH";"green";73;"EU"
"IL";2011;1,48256420964711;"IL";"grey";71;"IL"
"EU";2013;1,33283273887742;"CH";"green";71;"EU"
"EU";2009;2,32790156301962;"NL";"green";70;"EU"
"IL";2010;1,86517452704503;"IL";"grey";70;"IL"
"EU";2016;1,74022698612863;"CH";"green";69;"EU"
"EU";2007;4,01197604790419;"UK";"green";67;"EU"
"EU";2015;1,6421568627451;"CH";"green";67;"EU"
"EU";2015;1,6421568627451;"IT";"green";67;"EU"
"EU";2008;3,1700288184438;"FR";"green";66;"EU"
"EU";2019;1,53810300629224;"NL";"green";66;"EU"
"EU";2009;2,16162287994679;"CH";"green";65;"EU"
"EU";2010;1,73194777511324;"NL";"green";65;"EU"
"CA";2013;1,22019898629623;"CA";"lightgrey";65;"CA"
"EU";2015;1,59313725490196;"ES";"green";65;"EU"
"EU";2018;1,54064944299597;"CH";"green";65;"EU"
"EU";2018;1,54064944299597;"NL";"green";65;"EU"
"EU";2009;2,12836714333222;"ES";"green";64;"EU"
"CN";2009;2,09511140671766;"CN";"orange";63;"CN"
"KR";2007;3,65269461077844;"KR";"lightgreen";61;"KR"
"EU";2018;1,44584024650391;"IT";"green";61;"EU"
"CA";2014;1,18273211117682;"CA";"lightgrey";60;"CA"
"IL";2013;1,05124835742444;"IL";"grey";56;"IL"
"EU";2014;1,10388330376503;"ES";"green";56;"EU"
"TW";2014;1,10388330376503;"TW";"lightblue";56;"TW"
"CA";2010;1,46549427124967;"CA";"lightgrey";55;"CA"
"EU";2017;1,34028294862249;"IT";"green";54;"EU"
"EU";2017;1,34028294862249;"NL";"green";54;"EU"
"EU";2019;1,25844791423911;"IT";"green";54;"EU"
"AU";2009;1,762554040572;"AU";"lightblue";53;"AU"
"EU";2016;1,33669609079445;"ES";"green";53;"EU"
"EU";2020;1,42167381974249;"NL";"green";53;"EU"
"IL";2009;1,72929830395743;"IL";"grey";52;"IL"
"AU";2011;1,08582167467112;"AU";"lightblue";52;"AU"
"IL";2012;0,934915498022294;"IL";"grey";52;"IL"
"IN";2019;1,21183873223025;"IN";"lightblue";52;"IN"
"EU";2012;0,916936353829558;"AT";"green";51;"EU"
"EU";2014;1,0053222945003;"AT";"green";51;"EU"
"EU";2016;1,28625472887768;"NL";"green";51;"EU"
"CA";2018;1,20881725527376;"CA";"lightgrey";51;"CA"
"CN";2008;2,40153698366955;"CN";"orange";50;"CN"
"EU";2007;2,93413173652695;"FR";"green";49;"EU"
"EU";2007;2,93413173652695;"NL";"green";49;"EU"
"EU";2008;2,30547550432277;"ES";"green";48;"EU"
"EU";2012;0,862998921251348;"DK";"green";48;"EU"
"EU";2021;2,58481421647819;"FR";"green";48;"EU"
"EU";2008;2,25744476464938;"IT";"green";47;"EU"
"CA";2016;1,18537200504414;"CA";"lightgrey";47;"CA"
"CA";2019;1,09531577720811;"CA";"lightgrey";47;"CA"
"EU";2018;1,1140080587817;"DK";"green";47;"EU"
"EU";2004;5,38011695906433;"UK";"green";46;"EU"
"EU";2006;3,60219263899765;"UK";"green";46;"EU"
"AU";2010;1,22568611777245;"AU";"lightblue";46;"AU"
"EU";2013;0,863525436455791;"AT";"green";46;"EU"
"IN";2018;1,09030575965869;"IN";"lightblue";46;"IN"
"AU";2019;1,07201118620368;"AU";"lightblue";46;"AU"
"KR";2006;3,52388410336727;"KR";"lightgreen";45;"KR"
"SG";2009;1,49650814765547;"SG";"lightblue";45;"SG"
"EU";2010;1,19904076738609;"AT";"green";45;"EU"
"TW";2013;0,844753144358926;"TW";"lightblue";45;"TW"
"EU";2013;0,844753144358926;"BE";"green";45;"EU"
"EU";2016;1,13493064312736;"IT";"green";45;"EU"
"CA";2017;1,11690245718541;"CA";"lightgrey";45;"CA"
"EU";2019;1,04870659519925;"ES";"green";45;"EU"
"EU";2006;3,44557556773688;"FR";"green";44;"EU"
"EU";2008;2,1133525456292;"NL";"green";44;"EU"
"EU";2021;2,36941303177167;"NL";"green";44;"EU"
"AU";2012;0,773103200287666;"AU";"lightblue";43;"AU"
"AU";2015;1,05392156862745;"AU";"lightblue";43;"AU"
"IN";2017;1,06726234797717;"IN";"lightblue";43;"IN"
"EU";2020;1,15343347639485;"CH";"green";43;"EU"
"IL";2014;0,827912477823773;"IL";"grey";42;"IL"
"EU";2016;1,03404791929382;"AT";"green";41;"EU"
"EU";2017;1,01762223876893;"AT";"green";41;"EU"
"AU";2017;1,01762223876893;"AU";"lightblue";41;"AU"
"AU";2020;1,09978540772532;"AU";"lightblue";41;"AU"
"EU";2004;4,67836257309941;"FR";"green";40;"EU"
"SG";2012;0,719165767709457;"SG";"lightblue";40;"SG"
"EU";2020;1,07296137339056;"ES";"green";40;"EU"
"EU";2011;0,814366256003341;"AT";"green";39;"EU"
"CA";2015;0,955882352941177;"CA";"lightgrey";39;"CA"
"SG";2014;0,768775872264932;"SG";"lightblue";39;"SG"
"CA";2009;1,26371799135351;"CA";"lightgrey";38;"CA"
"EU";2010;1,01252331468159;"SE";"green";38;"EU"
"EU";2020;1,01931330472103;"IT";"green";38;"EU"
"CA";2020;1,01931330472103;"CA";"lightgrey";38;"CA"
"EU";2005;3,37899543378995;"FR";"green";37;"EU"
"EU";2015;0,906862745098039;"BE";"green";37;"EU"
"EU";2016;0,933165195460277;"BE";"green";37;"EU"
"AU";2016;0,933165195460277;"AU";"lightblue";37;"AU"
"SG";2013;0,694574807584006;"SG";"lightblue";37;"SG"
"EU";2005;3,28767123287671;"UK";"green";36;"EU"
"EU";2017;0,893521965748325;"ES";"green";36;"EU"
"EU";2017;0,893521965748325;"BE";"green";36;"EU"
"EU";2006;2,74079874706343;"NL";"green";35;"EU"
"AU";2013;0,657030223390276;"AU";"lightblue";35;"AU"
"AU";2014;0,689927064853144;"AU";"lightblue";35;"AU"
"IL";2018;0,829580469305523;"IL";"grey";35;"IL"
"EU";2019;0,815660685154976;"CH";"green";35;"EU"
"AU";2005;3,10502283105023;"AU";"lightblue";34;"AU"
"EU";2012;0,611290902553039;"BE";"green";34;"EU"
"EU";2014;0,670214863000197;"SE";"green";34;"EU"
"EU";2014;0,670214863000197;"BE";"green";34;"EU"
"EU";2018;0,805878170182508;"SE";"green";34;"EU"
"EU";2008;1,5850144092219;"CH";"green";33;"EU"
"EU";2010;0,8792965627498;"BE";"green";33;"EU"
"EU";2014;0,65050266114725;"DK";"green";33;"EU"
"EU";2019;0,76905150314612;"AT";"green";33;"EU"
"EU";2019;0,76905150314612;"DK";"green";33;"EU"
"CN";2007;1,91616766467066;"CN";"orange";32;"CN"
"EU";2007;1,91616766467066;"ES";"green";32;"EU"
"EU";2015;0,784313725490196;"AT";"green";32;"EU"
"IL";2015;0,784313725490196;"IL";"grey";32;"IL"
"SG";2017;0,794241747331844;"SG";"lightblue";32;"SG"
"EU";2018;0,758473571936478;"ES";"green";32;"EU"
"MY";2018;0,758473571936478;"MY";"lightblue";32;"MY"
"EU";2011;0,647316767592399;"BE";"green";31;"EU"
"EU";2015;0,759803921568627;"DK";"green";31;"EU"
"EU";2016;0,781841109709962;"DK";"green";31;"EU"
"EU";2020;0,831545064377682;"DK";"green";31;"EU"
"IN";2020;0,831545064377682;"IN";"lightblue";31;"IN"
"AU";2006;2,34925606891151;"AU";"lightblue";30;"AU"
"CA";2008;1,44092219020173;"CA";"lightgrey";30;"CA"
"EU";2009;0,99767209843698;"SE";"green";30;"EU"
"SG";2011;0,626435581541032;"SG";"lightblue";30;"SG"
"EU";2013;0,563168762905951;"DK";"green";30;"EU"
"IN";2016;0,756620428751576;"IN";"lightblue";30;"IN"
"EU";2020;0,804721030042919;"AT";"green";30;"EU"
"SG";2018;0,711068973690448;"SG";"lightblue";30;"SG"
"EU";2011;0,605554395489664;"DK";"green";29;"EU"
"EU";2017;0,719781583519484;"DK";"green";29;"EU"
"IL";2017;0,719781583519484;"IL";"grey";29;"IL"
"SG";2019;0,675833139128408;"SG";"lightblue";29;"SG"
"EU";2021;1,56165858912224;"UK";"green";29;"EU"
"AU";2008;1,34486071085495;"AU";"lightblue";28;"AU"
"IL";2008;1,34486071085495;"IL";"grey";28;"IL"
"CA";2007;1,67664670658683;"CA";"lightgrey";28;"CA"
"EU";2009;0,931160625207848;"AT";"green";28;"EU"
"EU";2012;0,50341603739662;"SE";"green";28;"EU"
"EU";2011;0,584673209438296;"SE";"green";28;"EU"
"SG";2015;0,686274509803922;"SG";"lightblue";28;"SG"
"SG";2020;0,751072961373391;"SG";"lightblue";28;"SG"
"EU";2007;1,61676646706587;"IT";"green";27;"EU"
"KR";2005;2,46575342465753;"KR";"lightgreen";27;"KR"
"EU";2009;0,897904888593282;"BE";"green";27;"EU"
"EU";2018;0,639962076321403;"AT";"green";27;"EU"
"SA";2019;0,629223957119553;"SA";"lightblue";27;"SA"
"SG";2010;0,719424460431655;"SG";"lightblue";27;"SG"
"IN";2010;0,692779110045297;"IN";"lightblue";26;"IN"
"EU";2016;0,655737704918033;"SE";"green";26;"EU"
"HK";2018;0,616259777198388;"HK";"lightblue";26;"HK"
"IL";2020;0,697424892703863;"IL";"grey";26;"IL"
"EU";2010;0,66613375965894;"DK";"green";25;"EU"
"AU";2018;0,592557478075373;"AU";"lightblue";25;"AU"
"EU";2019;0,582614775110697;"SE";"green";25;"EU"
"EU";2004;2,80701754385965;"CH";"green";24;"EU"
"TW";2011;0,501148465232825;"TW";"lightblue";24;"TW"
"RU";2013;0,450535010324761;"RU";"lightblue";24;"RU"
"SG";2016;0,605296343001261;"SG";"lightblue";24;"SG"
"EU";2019;0,559310184106269;"FI";"green";24;"EU"
"EU";2005;2,10045662100457;"NL";"green";23;"EU"
"TW";2012;0,413520316432938;"TW";"lightblue";23;"TW"
"EU";2018;0,545152879829343;"BE";"green";23;"EU"
"IL";2019;0,536005593101841;"IL";"grey";23;"IL"
"EU";2021;1,23855681206247;"CH";"green";23;"EU"
"CA";2005;2,00913242009132;"CA";"lightgrey";22;"CA"
"TW";2010;0,586197708499867;"TW";"lightblue";22;"TW"
"EU";2017;0,546041201290643;"SE";"green";22;"EU"
"TW";2019;0,512701002097413;"TW";"lightblue";22;"TW"
"TW";2017;0,546041201290643;"TW";"lightblue";22;"TW"
"EU";2021;1,18470651588584;"IT";"green";22;"EU"
"CA";2006;1,64447924823806;"CA";"lightgrey";21;"CA"
"EU";2005;1,91780821917808;"CH";"green";21;"EU"
"EU";2007;1,25748502994012;"AT";"green";21;"EU"
"IL";2007;1,25748502994012;"IL";"grey";21;"IL"
"SG";2008;1,00864553314121;"SG";"lightblue";21;"SG"
"IL";2016;0,529634300126103;"IL";"grey";21;"IL"
"AU";2021;1,13085621970921;"AU";"lightblue";21;"AU"
"EU";2008;0,960614793467819;"AT";"green";20;"EU"
"EU";2008;0,960614793467819;"SE";"green";20;"EU"
"CN";2006;1,56617071260767;"CN";"orange";20;"CN"
"EU";2004;2,33918128654971;"NL";"green";20;"EU"
"EU";2015;0,490196078431373;"SE";"green";20;"EU"
"EU";2018;0,474045982460299;"FI";"green";20;"EU"
"HK";2019;0,466091820088557;"HK";"lightblue";20;"HK"
"TW";2018;0,474045982460299;"TW";"lightblue";20;"TW"
"TW";2020;0,536480686695279;"TW";"lightblue";20;"TW"
"EU";2008;0,912584053794428;"DK";"green";19;"EU"
"KR";2004;2,22222222222222;"KR";"lightgreen";19;"KR"
"EU";2013;0,356673549840436;"SE";"green";19;"EU"
"EU";2015;0,465686274509804;"FI";"green";19;"EU"
"SA";2017;0,471581037478282;"SA";"lightblue";19;"SA"
"RU";2020;0,509656652360515;"RU";"lightblue";19;"RU"
"HK";2010;0,506261657340794;"HK";"lightblue";19;"HK"
"EU";2006;1,40955364134691;"IT";"green";18;"EU"
"AU";2004;2,10526315789474;"AU";"lightblue";18;"AU"
"AU";2007;1,07784431137725;"AU";"lightblue";18;"AU"
"HK";2009;0,598603259062188;"HK";"lightblue";18;"HK"
"EU";2012;0,323624595469256;"FI";"green";18;"EU"
"EU";2011;0,375861348924619;"FI";"green";18;"EU"
"HK";2012;0,323624595469256;"HK";"lightblue";18;"HK"
"HK";2013;0,33790125774357;"HK";"lightblue";18;"HK"
"EU";2020;0,482832618025751;"SE";"green";18;"EU"
"CA";2021;0,969305331179321;"CA";"lightgrey";18;"CA"
"MY";2017;0,446760982874162;"MY";"lightblue";18;"MY"
"EU";2006;1,33124510571652;"AT";"green";17;"EU"
"CA";2004;1,98830409356725;"CA";"lightgrey";17;"CA"
"EU";2006;1,33124510571652;"ES";"green";17;"EU"
"HK";2008;0,816522574447647;"HK";"lightblue";17;"HK"
"EU";2011;0,354980162873251;"NO";"green";17;"EU"
"RU";2018;0,402939085091254;"RU";"lightblue";17;"RU"
"TR";2020;0,456008583690987;"TR";"lightblue";17;"TR"
"EU";2021;0,915455035002693;"ES";"green";17;"EU"
"EU";2021;0,915455035002693;"DK";"green";17;"EU"
"EU";2007;0,958083832335329;"CH";"green";16;"EU"
"HK";2011;0,334098976821883;"HK";"lightblue";16;"HK"
"EU";2013;0,30035667354984;"NO";"green";16;"EU"
"EU";2014;0,315395229647152;"FI";"green";16;"EU"
"RU";2015;0,392156862745098;"RU";"lightblue";16;"RU"
"EU";2017;0,397120873665922;"FI";"green";16;"EU"
"EU";2009;0,532091785833056;"NO";"green";16;"EU"
"EU";2009;0,49883604921849;"IE";"green";15;"EU"
"MY";2013;0,281584381452975;"MY";"lightblue";15;"MY"
"EU";2019;0,349568865066418;"BE";"green";15;"EU"
"RU";2019;0,349568865066418;"RU";"lightblue";15;"RU"
"EU";2017;0,372300819061802;"IE";"green";15;"EU"
"TW";2016;0,378310214375788;"TW";"lightblue";15;"TW"
"MY";2019;0,349568865066418;"MY";"lightblue";15;"MY"
"HK";2017;0,372300819061802;"HK";"lightblue";15;"HK"
"EU";2006;1,09631949882537;"BE";"green";14;"EU"
"EU";2006;1,09631949882537;"CH";"green";14;"EU"
"IL";2006;1,09631949882537;"IL";"grey";14;"IL"
"RU";2009;0,465580312603924;"RU";"lightblue";14;"RU"
"EU";2009;0,465580312603924;"DK";"green";14;"EU"
"RU";2011;0,292336604719148;"RU";"lightblue";14;"RU"
"RU";2012;0,25170801869831;"RU";"lightblue";14;"RU"
"EU";2013;0,26281208935611;"FI";"green";14;"EU"
"HK";2014;0,275970825941258;"HK";"lightblue";14;"HK"
"TW";2015;0,343137254901961;"TW";"lightblue";14;"TW"
"RU";2016;0,353089533417402;"RU";"lightblue";14;"RU"
"SA";2018;0,331832187722209;"SA";"lightblue";14;"SA"
"TR";2019;0,32626427406199;"TR";"lightblue";14;"TR"
"HK";2015;0,343137254901961;"HK";"lightblue";14;"HK"
"EU";2020;0,375536480686695;"BE";"green";14;"EU"
"EU";2006;1,01801096319499;"DK";"green";13;"EU"
"EU";2007;0,778443113772455;"NO";"green";13;"EU"
"EU";2007;0,778443113772455;"SE";"green";13;"EU"
"EU";2010;0,346389555022649;"NO";"green";13;"EU"
"EU";2012;0,233728874505574;"NO";"green";13;"EU"
"HK";2016;0,327868852459016;"HK";"lightblue";13;"HK"
"TR";2010;0,319744204636291;"TR";"lightblue";12;"TR"
"RU";2005;1,0958904109589;"RU";"lightblue";12;"RU"
"TW";2008;0,576368876080692;"TW";"lightblue";12;"TW"
"EU";2004;1,40350877192982;"DK";"green";12;"EU"
"EU";2004;1,40350877192982;"BE";"green";12;"EU"
"EU";2006;0,939702427564605;"SE";"green";12;"EU"
"IN";2009;0,399068839374792;"IN";"lightblue";12;"IN"
"RU";2010;0,319744204636291;"RU";"lightblue";12;"RU"
"TR";2012;0,215749730312837;"TR";"lightblue";12;"TR"
"MY";2012;0,215749730312837;"MY";"lightblue";12;"MY"
"RU";2014;0,236546422235364;"RU";"lightblue";12;"RU"
"TR";2014;0,236546422235364;"TR";"lightblue";12;"TR"
"SA";2014;0,236546422235364;"SA";"lightblue";12;"SA"
"ZA";2016;0,302648171500631;"ZA";"lightblue";12;"ZA"
"EU";2016;0,302648171500631;"IE";"green";12;"EU"
"EU";2007;0,658682634730539;"DK";"green";11;"EU"
"EU";2008;0,528338136407301;"NO";"green";11;"EU"
"RU";2007;0,658682634730539;"RU";"lightblue";11;"RU"
"EU";2010;0,293098854249933;"FI";"green";11;"EU"
"EU";2014;0,216834220382417;"IE";"green";11;"EU"
"EU";2015;0,269607843137255;"IE";"green";11;"EU"
"SA";2016;0,277427490542245;"SA";"lightblue";11;"SA"
"BR";2017;0,273020600645321;"BR";"lightblue";11;"BR"
"TR";2018;0,260725290353164;"TR";"lightblue";11;"TR"
"EU";2021;0,592353257942919;"AT";"green";11;"EU"
"MY";2016;0,277427490542245;"MY";"lightblue";11;"MY"
"CN";2005;0,91324200913242;"CN";"orange";10;"CN"
"IL";2004;1,16959064327485;"IL";"grey";10;"IL"
"IL";2005;0,91324200913242;"IL";"grey";10;"IL"
"RU";2008;0,48030739673391;"RU";"lightblue";10;"RU"
"EU";2009;0,33255736614566;"PT";"green";10;"EU"
"EU";2009;0,33255736614566;"FI";"green";10;"EU"
"ME";2013;0,18772292096865;"ME";"lightblue";10;"ME"
"MY";2014;0,19712201852947;"MY";"lightblue";10;"MY"
"TR";2017;0,248200546041201;"TR";"lightblue";10;"TR"
"RU";2017;0,248200546041201;"RU";"lightblue";10;"RU"
"IL";2021;0,53850296176629;"IL";"grey";10;"IL"
"SA";2021;0,53850296176629;"SA";"lightblue";10;"SA"
"HK";2020;0,268240343347639;"HK";"lightblue";10;"HK"
"TW";2021;0,53850296176629;"TW";"lightblue";10;"TW"
"EU";2008;0,48030739673391;"IE";"green";10;"EU"
"SA";2020;0,268240343347639;"SA";"lightblue";10;"SA"
"EU";2005;0,821917808219178;"ES";"green";9;"EU"
"RU";2006;0,704776820673453;"RU";"lightblue";9;"RU"
"EU";2005;0,821917808219178;"SE";"green";9;"EU"
"SG";2005;0,821917808219178;"SG";"lightblue";9;"SG"
"SG";2006;0,704776820673453;"SG";"lightblue";9;"SG"
"EU";2011;0,187930674462309;"PT";"green";9;"EU"
"EU";2012;0,161812297734628;"HU";"green";9;"EU"
"ZA";2013;0,168950628871785;"ZA";"lightblue";9;"ZA"
"EU";2014;0,177409816676523;"PL";"green";9;"EU"
"EU";2015;0,220588235294118;"PL";"green";9;"EU"
"BR";2014;0,177409816676523;"BR";"lightblue";9;"BR"
"NZ";2016;0,226986128625473;"NZ";"lightblue";9;"NZ"
"EU";2017;0,223380491437081;"PL";"green";9;"EU"
"EU";2016;0,226986128625473;"FI";"green";9;"EU"
"EU";2019;0,209741319039851;"PL";"green";9;"EU"
"TW";2009;0,299301629531094;"TW";"lightblue";9;"TW"
"EU";2021;0,484652665589661;"SE";"green";9;"EU"
"IN";2021;0,484652665589661;"IN";"lightblue";9;"IN"
"TW";2007;0,538922155688623;"TW";"lightblue";9;"TW"
"EU";2006;0,704776820673453;"FI";"green";9;"EU"
"SG";2004;1,05263157894737;"SG";"lightblue";9;"SG"
"EU";2008;0,384245917387128;"BE";"green";8;"EU"
"EU";2005;0,730593607305936;"AT";"green";8;"EU"
"EU";2005;0,730593607305936;"IT";"green";8;"EU"
"EU";2004;0,935672514619883;"FI";"green";8;"EU"
"EU";2005;0,730593607305936;"FI";"green";8;"EU"
"NZ";2007;0,479041916167665;"NZ";"lightblue";8;"NZ"
"EU";2004;0,935672514619883;"IT";"green";8;"EU"
"EU";2007;0,479041916167665;"BE";"green";8;"EU"
"EU";2012;0,143833153541891;"EL";"green";8;"EU"
"EU";2012;0,143833153541891;"PT";"green";8;"EU"
"ZA";2014;0,157697614823576;"ZA";"lightblue";8;"ZA"
"EU";2015;0,196078431372549;"NO";"green";8;"EU"
"EU";2015;0,196078431372549;"EL";"green";8;"EU"
"TR";2016;0,201765447667087;"TR";"lightblue";8;"TR"
"EU";2018;0,189618392984119;"NO";"green";8;"EU"
"EU";2020;0,214592274678112;"FI";"green";8;"EU"
"EU";2021;0,430802369413032;"NO";"green";8;"EU"
"SG";2007;0,479041916167665;"SG";"lightblue";8;"SG"
"TR";2021;0,430802369413032;"TR";"lightblue";8;"TR"
"IN";2007;0,479041916167665;"IN";"lightblue";8;"IN"
"IN";2008;0,384245917387128;"IN";"lightblue";8;"IN"
"MY";2015;0,196078431372549;"MY";"lightblue";8;"MY"
"EU";2007;0,479041916167665;"FI";"green";8;"EU"
"EU";2018;0,189618392984119;"IE";"green";8;"EU"
"EU";2004;0,818713450292398;"AT";"green";7;"EU"
"TW";2006;0,548159749412686;"TW";"lightblue";7;"TW"
"EU";2007;0,419161676646707;"EL";"green";7;"EU"
"EU";2006;0,548159749412686;"NO";"green";7;"EU"
"RU";2004;0,818713450292398;"RU";"lightblue";7;"RU"
"TR";2011;0,146168302359574;"TR";"lightblue";7;"TR"
"EU";2010;0,186517452704503;"IE";"green";7;"EU"
"EU";2013;0,131406044678055;"PL";"green";7;"EU"
"EU";2014;0,137985412970629;"NO";"green";7;"EU"
"ME";2015;0,17156862745098;"ME";"lightblue";7;"ME"
"SA";2015;0,17156862745098;"SA";"lightblue";7;"SA"
"EU";2016;0,176544766708701;"PL";"green";7;"EU"
"EU";2016;0,176544766708701;"PT";"green";7;"EU"
"EU";2017;0,173740382228841;"NO";"green";7;"EU"
"EU";2018;0,165916093861105;"PT";"green";7;"EU"
"BR";2018;0,165916093861105;"BR";"lightblue";7;"BR"
"EU";2019;0,163132137030995;"IE";"green";7;"EU"
"EU";2019;0,163132137030995;"HU";"green";7;"EU"
"BR";2020;0,187768240343348;"BR";"lightblue";7;"BR"
"PH";2007;0,419161676646707;"PH";"lightblue";7;"PH"
"MY";2009;0,199534419687396;"MY";"lightblue";6;"MY"
"EU";2004;0,701754385964912;"ES";"green";6;"EU"
"EU";2010;0,159872102318145;"SI";"green";6;"EU"
"EU";2011;0,125287116308206;"IE";"green";6;"EU"
"ZA";2012;0,107874865156419;"ZA";"lightblue";6;"ZA"
"UA";2012;0,107874865156419;"UA";"lightblue";6;"UA"
"BR";2013;0,11263375258119;"BR";"lightblue";6;"BR"
"UA";2014;0,118273211117682;"UA";"lightblue";6;"UA"
"TR";2015;0,147058823529412;"TR";"lightblue";6;"TR"
"EG";2016;0,151324085750315;"EG";"lightblue";6;"EG"
"BR";2016;0,151324085750315;"BR";"lightblue";6;"BR"
"ZA";2017;0,148920327624721;"ZA";"lightblue";6;"ZA"
"MA";2018;0,14221379473809;"MA";"lightblue";6;"MA"
"CL";2018;0,14221379473809;"CL";"lightblue";6;"CL"
"EU";2019;0,139827546026567;"NO";"green";6;"EU"
"ME";2018;0,14221379473809;"ME";"lightblue";6;"ME"
"EU";2020;0,160944206008584;"NO";"green";6;"EU"
"MY";2020;0,160944206008584;"MY";"lightblue";6;"MY"
"EU";2021;0,323101777059774;"FI";"green";6;"EU"
"EU";2014;0,118273211117682;"LU";"green";6;"EU"
"EU";2008;0,288184438040346;"FI";"green";6;"EU"
"EU";2013;0,11263375258119;"IE";"green";6;"EU"
"BR";2019;0,139827546026567;"BR";"lightblue";6;"BR"
"MY";2006;0,469851213782302;"MY";"lightblue";6;"MY"
"GB";2008;0,240153698366955;"GB";"lightblue";5;"GB"
"ZA";2009;0,16627868307283;"ZA";"lightblue";5;"ZA"
"UA";2005;0,45662100456621;"UA";"lightblue";5;"UA"
"IN";2005;0,45662100456621;"IN";"lightblue";5;"IN"
"IN";2006;0,391542678151919;"IN";"lightblue";5;"IN"
"ME";2008;0,240153698366955;"ME";"lightblue";5;"ME"
"EU";2005;0,45662100456621;"NO";"green";5;"EU"
"EU";2004;0,584795321637427;"SE";"green";5;"EU"
"ZA";2010;0,133226751931788;"ZA";"lightblue";5;"ZA"
"EU";2010;0,133226751931788;"PL";"green";5;"EU"
"EU";2011;0,104405930256839;"EL";"green";5;"EU"
"BR";2011;0,104405930256839;"BR";"lightblue";5;"BR"
"EU";2012;0,0898957209636821;"LU";"green";5;"EU"
"EU";2013;0,0938614604843251;"EL";"green";5;"EU"
"EU";2013;0,0938614604843251;"PT";"green";5;"EU"
"EU";2014;0,0985610092647349;"PT";"green";5;"EU"
"EG";2015;0,122549019607843;"EG";"lightblue";5;"EG"
"EU";2013;0,0938614604843251;"HU";"green";5;"EU"
"EU";2014;0,0985610092647349;"CZ";"green";5;"EU"
"CL";2015;0,122549019607843;"CL";"lightblue";5;"CL"
"ZA";2015;0,122549019607843;"ZA";"lightblue";5;"ZA"
"ME";2016;0,126103404791929;"ME";"lightblue";5;"ME"
"ME";2017;0,124100273020601;"ME";"lightblue";5;"ME"
"VN";2018;0,118511495615075;"VN";"lightblue";5;"VN"
"ME";2019;0,116522955022139;"ME";"lightblue";5;"ME"
"EU";2020;0,13412017167382;"EL";"green";5;"EU"
"MA";2020;0,13412017167382;"MA";"lightblue";5;"MA"
"SG";2021;0,269251480883145;"SG";"lightblue";5;"SG"
"EU";2021;0,269251480883145;"PL";"green";5;"EU"
"EU";2021;0,269251480883145;"BE";"green";5;"EU"
"MY";2021;0,269251480883145;"MY";"lightblue";5;"MY"
"EU";2020;0,13412017167382;"IE";"green";5;"EU"
"EU";2006;0,391542678151919;"IE";"green";5;"EU"
"EU";2005;0,45662100456621;"BE";"green";5;"EU"
"EU";2012;0,0898957209636821;"LI";"green";5;"EU"
"EU";2020;0,13412017167382;"PL";"green";5;"EU"
"QA";2016;0,126103404791929;"QA";"lightblue";5;"QA"
"EU";2014;0,0985610092647349;"LT";"green";5;"EU"
"BY";2005;0,365296803652968;"BY";"lightblue";4;"BY"
"CN";2004;0,467836257309941;"CN";"orange";4;"CN"
"EU";2005;0,365296803652968;"DK";"green";4;"EU"
"EU";2004;0,467836257309941;"EL";"green";4;"EU"
"ZA";2008;0,192122958693564;"ZA";"lightblue";4;"ZA"
"ZA";2007;0,239520958083832;"ZA";"lightblue";4;"ZA"
"ZA";2006;0,313234142521535;"ZA";"lightblue";4;"ZA"
"EU";2009;0,133022946458264;"EL";"green";4;"EU"
"EU";2010;0,10658140154543;"PT";"green";4;"EU"
"MY";2010;0,10658140154543;"MY";"lightblue";4;"MY"
"NZ";2011;0,0835247442054709;"NZ";"lightblue";4;"NZ"
"ZA";2011;0,0835247442054709;"ZA";"lightblue";4;"ZA"
"GB";2010;0,10658140154543;"GB";"lightblue";4;"GB"
"EU";2011;0,0835247442054709;"LI";"green";4;"EU"
"EU";2012;0,0719165767709457;"CZ";"green";4;"EU"
"EU";2012;0,0719165767709457;"PL";"green";4;"EU"
"TR";2013;0,0750891683874601;"TR";"lightblue";4;"TR"
"NZ";2013;0,0750891683874601;"NZ";"lightblue";4;"NZ"
"AE";2014;0,0788488074117879;"AE";"lightblue";4;"AE"
"EU";2014;0,0788488074117879;"EL";"green";4;"EU"
"NZ";2014;0,0788488074117879;"NZ";"lightblue";4;"NZ"
"BR";2015;0,0980392156862745;"BR";"lightblue";4;"BR"
"UA";2015;0,0980392156862745;"UA";"lightblue";4;"UA"
"EU";2016;0,100882723833544;"EL";"green";4;"EU"
"EU";2015;0,0980392156862745;"HU";"green";4;"EU"
"MA";2017;0,0992802184164805;"MA";"lightblue";4;"MA"
"GB";2016;0,100882723833544;"GB";"lightblue";4;"GB"
"GB";2017;0,0992802184164805;"GB";"lightblue";4;"GB"
"EU";2017;0,0992802184164805;"HU";"green";4;"EU"
"EU";2018;0,0948091964920597;"SK";"green";4;"EU"
"EU";2018;0,0948091964920597;"CZ";"green";4;"EU"
"EU";2018;0,0948091964920597;"RO";"green";4;"EU"
"ZA";2019;0,0932183640177115;"ZA";"lightblue";4;"ZA"
"ZA";2020;0,107296137339056;"ZA";"lightblue";4;"ZA"
"IR";2020;0,107296137339056;"IR";"lightblue";4;"IR"
"CL";2020;0,107296137339056;"CL";"lightblue";4;"CL"
"ME";2020;0,107296137339056;"ME";"lightblue";4;"ME"
"EU";2016;0,100882723833544;"NO";"green";4;"EU"
"EU";2020;0,107296137339056;"CZ";"green";4;"EU"
"EU";2012;0,0719165767709457;"IE";"green";4;"EU"
"EU";2014;0,0788488074117879;"RO";"green";4;"EU"
"BR";2021;0,215401184706516;"BR";"lightblue";4;"BR"
"RU";2021;0,215401184706516;"RU";"lightblue";4;"RU"
"TH";2021;0,215401184706516;"TH";"lightblue";4;"TH"
"EU";2004;0,467836257309941;"IE";"green";4;"EU"
"EU";2020;0,107296137339056;"HU";"green";4;"EU"
"AE";2021;0,215401184706516;"AE";"lightblue";4;"AE"
"GB";2014;0,0788488074117879;"GB";"lightblue";4;"GB"
"EU";2018;0,0948091964920597;"PL";"green";4;"EU"
"EU";2009;0,099767209843698;"BG";"green";3;"EU"
"EU";2008;0,144092219020173;"HU";"green";3;"EU"
"NZ";2004;0,350877192982456;"NZ";"lightblue";3;"NZ"
"EU";2009;0,099767209843698;"HR";"green";3;"EU"
"TR";2007;0,179640718562874;"TR";"lightblue";3;"TR"
"EU";2007;0,179640718562874;"PT";"green";3;"EU"
"AR";2008;0,144092219020173;"AR";"lightblue";3;"AR"
"NZ";2005;0,273972602739726;"NZ";"lightblue";3;"NZ"
"NZ";2008;0,144092219020173;"NZ";"lightblue";3;"NZ"
"UA";2004;0,350877192982456;"UA";"lightblue";3;"UA"
"EU";2009;0,099767209843698;"HU";"green";3;"EU"
"GB";2009;0,099767209843698;"GB";"lightblue";3;"GB"
"EU";2009;0,099767209843698;"PL";"green";3;"EU"
"ME";2009;0,099767209843698;"ME";"lightblue";3;"ME"
"EU";2009;0,099767209843698;"CZ";"green";3;"EU"
"EU";2010;0,0799360511590727;"LI";"green";3;"EU"
"TR";2009;0,099767209843698;"TR";"lightblue";3;"TR"
"EU";2011;0,0626435581541031;"PL";"green";3;"EU"
"NZ";2010;0,0799360511590727;"NZ";"lightblue";3;"NZ"
"AR";2010;0,0799360511590727;"AR";"lightblue";3;"AR"
"EU";2010;0,0799360511590727;"CZ";"green";3;"EU"
"EU";2011;0,0626435581541031;"CZ";"green";3;"EU"
"UA";2010;0,0799360511590727;"UA";"lightblue";3;"UA"
"ME";2010;0,0799360511590727;"ME";"lightblue";3;"ME"
"EG";2011;0,0626435581541031;"EG";"lightblue";3;"EG"
"GB";2011;0,0626435581541031;"GB";"lightblue";3;"GB"
"EG";2010;0,0799360511590727;"EG";"lightblue";3;"EG"
"EU";2012;0,0539374325782093;"SI";"green";3;"EU"
"ME";2011;0,0626435581541031;"ME";"lightblue";3;"ME"
"MY";2011;0,0626435581541031;"MY";"lightblue";3;"MY"
"ME";2012;0,0539374325782093;"ME";"lightblue";3;"ME"
"EU";2013;0,0563168762905951;"CZ";"green";3;"EU"
"SA";2013;0,0563168762905951;"SA";"lightblue";3;"SA"
"NZ";2012;0,0539374325782093;"NZ";"lightblue";3;"NZ"
"CO";2012;0,0539374325782093;"CO";"lightblue";3;"CO"
"EU";2013;0,0563168762905951;"BG";"green";3;"EU"
"EU";2013;0,0563168762905951;"SK";"green";3;"EU"
"EU";2014;0,0591366055588409;"SK";"green";3;"EU"
"EG";2013;0,0563168762905951;"EG";"lightblue";3;"EG"
"MA";2015;0,0735294117647059;"MA";"lightblue";3;"MA"
"ME";2014;0,0591366055588409;"ME";"lightblue";3;"ME"
"CL";2014;0,0591366055588409;"CL";"lightblue";3;"CL"
"EU";2015;0,0735294117647059;"PT";"green";3;"EU"
"EU";2016;0,0756620428751576;"CZ";"green";3;"EU"
"EU";2016;0,0756620428751576;"HU";"green";3;"EU"
"AE";2016;0,0756620428751576;"AE";"lightblue";3;"AE"
"EU";2016;0,0756620428751576;"SK";"green";3;"EU"
"EU";2016;0,0756620428751576;"BG";"green";3;"EU"
"TH";2016;0,0756620428751576;"TH";"lightblue";3;"TH"
"UA";2016;0,0756620428751576;"UA";"lightblue";3;"UA"
"EU";2017;0,0744601638123604;"SK";"green";3;"EU"
"EU";2017;0,0744601638123604;"PT";"green";3;"EU"
"EU";2018;0,0711068973690448;"BG";"green";3;"EU"
"EU";2018;0,0711068973690448;"HR";"green";3;"EU"
"UA";2018;0,0711068973690448;"UA";"lightblue";3;"UA"
"KZ";2017;0,0744601638123604;"KZ";"lightblue";3;"KZ"
"MA";2019;0,0699137730132836;"MA";"lightblue";3;"MA"
"PA";2018;0,0711068973690448;"PA";"lightblue";3;"PA"
"NZ";2019;0,0699137730132836;"NZ";"lightblue";3;"NZ"
"CO";2020;0,0804721030042918;"CO";"lightblue";3;"CO"
"IR";2016;0,0756620428751576;"IR";"lightblue";3;"IR"
"BY";2009;0,099767209843698;"BY";"lightblue";3;"BY"
"PH";2011;0,0626435581541031;"PH";"lightblue";3;"PH"
"EU";2015;0,0735294117647059;"RO";"green";3;"EU"
"UA";2017;0,0744601638123604;"UA";"lightblue";3;"UA"
"EU";2011;0,0626435581541031;"SI";"green";3;"EU"
"IN";2004;0,350877192982456;"IN";"lightblue";3;"IN"
"GB";2012;0,0539374325782093;"GB";"lightblue";3;"GB"
"HK";2007;0,179640718562874;"HK";"lightblue";3;"HK"
"PH";2009;0,099767209843698;"PH";"lightblue";3;"PH"
"GB";2018;0,0711068973690448;"GB";"lightblue";3;"GB"
"EU";2005;0,273972602739726;"RO";"green";3;"EU"
"HK";2005;0,273972602739726;"HK";"lightblue";3;"HK"
"GB";2004;0,350877192982456;"GB";"lightblue";3;"GB"
"EU";2014;0,0591366055588409;"BG";"green";3;"EU"
"AE";2018;0,0711068973690448;"AE";"lightblue";3;"AE"
"GB";2015;0,0735294117647059;"GB";"lightblue";3;"GB"
"QA";2017;0,0744601638123604;"QA";"lightblue";3;"QA"
"GB";2007;0,179640718562874;"GB";"lightblue";3;"GB"
"SA";2011;0,0626435581541031;"SA";"lightblue";3;"SA"
"GB";2013;0,0563168762905951;"GB";"lightblue";3;"GB"
"EU";2008;0,0960614793467819;"SI";"green";2;"EU"
"EU";2008;0,0960614793467819;"RO";"green";2;"EU"
"EU";2008;0,0960614793467819;"EL";"green";2;"EU"
"EU";2009;0,066511473229132;"LT";"green";2;"EU"
"MA";2008;0,0960614793467819;"MA";"lightblue";2;"MA"
"EU";2006;0,156617071260767;"PL";"green";2;"EU"
"HK";2004;0,233918128654971;"HK";"lightblue";2;"HK"
"EU";2008;0,0960614793467819;"CZ";"green";2;"EU"
"EU";2004;0,233918128654971;"LU";"green";2;"EU"
"EU";2006;0,156617071260767;"EL";"green";2;"EU"
"EU";2007;0,119760479041916;"IE";"green";2;"EU"
"MA";2004;0,233918128654971;"MA";"lightblue";2;"MA"
"EU";2004;0,233918128654971;"SK";"green";2;"EU"
"NZ";2009;0,066511473229132;"NZ";"lightblue";2;"NZ"
"EU";2010;0,0532907007727152;"EL";"green";2;"EU"
"BR";2009;0,066511473229132;"BR";"lightblue";2;"BR"
"MX";2009;0,066511473229132;"MX";"lightblue";2;"MX"
"BR";2010;0,0532907007727152;"BR";"lightblue";2;"BR"
"RS";2011;0,0417623721027354;"RS";"lightblue";2;"RS"
"MC";2011;0,0417623721027354;"MC";"lightblue";2;"MC"
"EU";2011;0,0417623721027354;"BG";"green";2;"EU"
"EU";2011;0,0417623721027354;"HU";"green";2;"EU"
"MA";2011;0,0417623721027354;"MA";"lightblue";2;"MA"
"TH";2011;0,0417623721027354;"TH";"lightblue";2;"TH"
"EU";2012;0,0359582883854729;"SK";"green";2;"EU"
"AE";2012;0,0359582883854729;"AE";"lightblue";2;"AE"
"EU";2013;0,0375445841937301;"HR";"green";2;"EU"
"SA";2012;0,0359582883854729;"SA";"lightblue";2;"SA"
"QA";2013;0,0375445841937301;"QA";"lightblue";2;"QA"
"TH";2013;0,0375445841937301;"TH";"lightblue";2;"TH"
"EU";2015;0,0490196078431373;"HR";"green";2;"EU"
"EU";2014;0,039424403705894;"LI";"green";2;"EU"
"EU";2014;0,039424403705894;"HU";"green";2;"EU"
"EU";2016;0,0504413619167718;"LT";"green";2;"EU"
"AE";2015;0,0490196078431373;"AE";"lightblue";2;"AE"
"NZ";2015;0,0490196078431373;"NZ";"lightblue";2;"NZ"
"EU";2016;0,0504413619167718;"CY";"green";2;"EU"
"EU";2016;0,0504413619167718;"MT";"green";2;"EU"
"CL";2017;0,0496401092082403;"CL";"lightblue";2;"CL"
"EU";2018;0,0474045982460299;"EL";"green";2;"EU"
"NZ";2017;0,0496401092082403;"NZ";"lightblue";2;"NZ"
"RS";2018;0,0474045982460299;"RS";"lightblue";2;"RS"
"NZ";2018;0,0474045982460299;"NZ";"lightblue";2;"NZ"
"CL";2019;0,0466091820088557;"CL";"lightblue";2;"CL"
"PK";2019;0,0466091820088557;"PK";"lightblue";2;"PK"
"AE";2019;0,0466091820088557;"AE";"lightblue";2;"AE"
"EU";2020;0,0536480686695279;"SI";"green";2;"EU"
"EG";2020;0,0536480686695279;"EG";"lightblue";2;"EG"
"EU";2021;0,107700592353258;"CY";"green";2;"EU"
"AE";2020;0,0536480686695279;"AE";"lightblue";2;"AE"
"KZ";2021;0,107700592353258;"KZ";"lightblue";2;"KZ"
"EU";2021;0,107700592353258;"PT";"green";2;"EU"
"IR";2021;0,107700592353258;"IR";"lightblue";2;"IR"
"NZ";2006;0,156617071260767;"NZ";"lightblue";2;"NZ"
"TR";2006;0,156617071260767;"TR";"lightblue";2;"TR"
"EU";2010;0,0532907007727152;"HU";"green";2;"EU"
"EU";2010;0,0532907007727152;"BG";"green";2;"EU"
"EU";2010;0,0532907007727152;"HR";"green";2;"EU"
"CO";2010;0,0532907007727152;"CO";"lightblue";2;"CO"
"EU";2012;0,0359582883854729;"RO";"green";2;"EU"
"EU";2013;0,0375445841937301;"RO";"green";2;"EU"
"EU";2014;0,039424403705894;"LV";"green";2;"EU"
"RS";2016;0,0504413619167718;"RS";"lightblue";2;"RS"
"QA";2015;0,0490196078431373;"QA";"lightblue";2;"QA"
"PH";2015;0,0490196078431373;"PH";"lightblue";2;"PH"
"BY";2018;0,0474045982460299;"BY";"lightblue";2;"BY"
"UA";2020;0,0536480686695279;"UA";"lightblue";2;"UA"
"ZA";2021;0,107700592353258;"ZA";"lightblue";2;"ZA"
"AM";2006;0,156617071260767;"AM";"lightblue";2;"AM"
"HK";2006;0,156617071260767;"HK";"lightblue";2;"HK"
"MY";2004;0,233918128654971;"MY";"lightblue";2;"MY"
"TW";2004;0,233918128654971;"TW";"lightblue";2;"TW"
"MY";2007;0,119760479041916;"MY";"lightblue";2;"MY"
"EU";2005;0,182648401826484;"IE";"green";2;"EU"
"PH";2006;0,156617071260767;"PH";"lightblue";2;"PH"
"ZA";2004;0,233918128654971;"ZA";"lightblue";2;"ZA"
"EU";2016;0,0504413619167718;"SI";"green";2;"EU"
"PH";2013;0,0375445841937301;"PH";"lightblue";2;"PH"
"PH";2010;0,0532907007727152;"PH";"lightblue";2;"PH"
"CO";2017;0,0496401092082403;"CO";"lightblue";2;"CO"
"EU";2019;0,0466091820088557;"LU";"green";2;"EU"
"EU";2018;0,0474045982460299;"HU";"green";2;"EU"
"BY";2020;0,0536480686695279;"BY";"lightblue";2;"BY"
"ID";2021;0,107700592353258;"ID";"lightblue";2;"ID"
"EU";2014;0,039424403705894;"EE";"green";2;"EU"
"PH";2018;0,0474045982460299;"PH";"lightblue";2;"PH"
"EU";2009;0,066511473229132;"EE";"green";2;"EU"
"MO";2005;0,182648401826484;"MO";"lightblue";2;"MO"
"EU";2005;0,182648401826484;"EE";"green";2;"EU"
"ZA";2005;0,182648401826484;"ZA";"lightblue";2;"ZA"
"VN";2010;0,0532907007727152;"VN";"lightblue";2;"VN"
"EU";2010;0,0532907007727152;"LV";"green";2;"EU"
"MA";2010;0,0532907007727152;"MA";"lightblue";2;"MA"
"LK";2011;0,0417623721027354;"LK";"lightblue";2;"LK"
"PH";2012;0,0359582883854729;"PH";"lightblue";2;"PH"
"EU";2013;0,0375445841937301;"LU";"green";2;"EU"
"TH";2015;0,0490196078431373;"TH";"lightblue";2;"TH"
"EU";2015;0,0490196078431373;"LT";"green";2;"EU"
"ID";2017;0,0496401092082403;"ID";"lightblue";2;"ID"
"QA";2018;0,0474045982460299;"QA";"lightblue";2;"QA"
"EU";2018;0,0474045982460299;"LU";"green";2;"EU"
"EU";2020;0,0536480686695279;"PT";"green";2;"EU"
"MY";2008;0,0960614793467819;"MY";"lightblue";2;"MY"
"NZ";2020;0,0536480686695279;"NZ";"lightblue";2;"NZ"
"TH";2008;0,048030739673391;"TH";"lightblue";1;"TH"
"EU";2009;0,033255736614566;"LI";"green";1;"EU"
"EU";2009;0,033255736614566;"LU";"green";1;"EU"
"TR";2008;0,048030739673391;"TR";"lightblue";1;"TR"
"BA";2006;0,0783085356303837;"BA";"lightblue";1;"BA"
"BI";2007;0,0598802395209581;"BI";"lightblue";1;"BI"
"EU";2005;0,091324200913242;"BG";"green";1;"EU"
"EU";2004;0,116959064327485;"BG";"green";1;"EU"
"DZ";2004;0,116959064327485;"DZ";"lightblue";1;"DZ"
"EC";2008;0,048030739673391;"EC";"lightblue";1;"EC"
"EU";2007;0,0598802395209581;"LI";"green";1;"EU"
"EU";2007;0,0598802395209581;"LU";"green";1;"EU"
"WF";2008;0,048030739673391;"WF";"lightblue";1;"WF"
"EU";2007;0,0598802395209581;"HR";"green";1;"EU"
"BA";2007;0,0598802395209581;"BA";"lightblue";1;"BA"
"EU";2005;0,091324200913242;"HU";"green";1;"EU"
"TN";2004;0,116959064327485;"TN";"lightblue";1;"TN"
"EU";2008;0,048030739673391;"PT";"green";1;"EU"
"MK";2004;0,116959064327485;"MK";"lightblue";1;"MK"
"MX";2006;0,0783085356303837;"MX";"lightblue";1;"MX"
"ME";2007;0,0598802395209581;"ME";"lightblue";1;"ME"
"MX";2008;0,048030739673391;"MX";"lightblue";1;"MX"
"EU";2004;0,116959064327485;"NO";"green";1;"EU"
"EU";2004;0,116959064327485;"PL";"green";1;"EU"
"EU";2004;0,116959064327485;"PT";"green";1;"EU"
"EU";2007;0,0598802395209581;"RO";"green";1;"EU"
"LB";2006;0,0783085356303837;"LB";"lightblue";1;"LB"
"EU";2007;0,0598802395209581;"SK";"green";1;"EU"
"TR";2005;0,091324200913242;"TR";"lightblue";1;"TR"
"TR";2004;0,116959064327485;"TR";"lightblue";1;"TR"
"UA";2006;0,0783085356303837;"UA";"lightblue";1;"UA"
"EG";2008;0,048030739673391;"EG";"lightblue";1;"EG"
"YU";2005;0,091324200913242;"YU";"lightblue";1;"YU"
"CR";2008;0,048030739673391;"CR";"lightblue";1;"CR"
"EU";2009;0,033255736614566;"SK";"green";1;"EU"
"EU";2010;0,0266453503863576;"LT";"green";1;"EU"
"CO";2009;0,033255736614566;"CO";"lightblue";1;"CO"
"EU";2010;0,0266453503863576;"CY";"green";1;"EU"
"TN";2010;0,0266453503863576;"TN";"lightblue";1;"TN"
"AE";2010;0,0266453503863576;"AE";"lightblue";1;"AE"
"KE";2010;0,0266453503863576;"KE";"lightblue";1;"KE"
"EU";2010;0,0266453503863576;"LU";"green";1;"EU"
"ID";2011;0,0208811860513677;"ID";"lightblue";1;"ID"
"SM";2011;0,0208811860513677;"SM";"lightblue";1;"SM"
"AM";2011;0,0208811860513677;"AM";"lightblue";1;"AM"
"PR";2011;0,0208811860513677;"PR";"lightblue";1;"PR"
"AE";2011;0,0208811860513677;"AE";"lightblue";1;"AE"
"MX";2011;0,0208811860513677;"MX";"lightblue";1;"MX"
"CL";2011;0,0208811860513677;"CL";"lightblue";1;"CL"
"EU";2011;0,0208811860513677;"SK";"green";1;"EU"
"EU";2011;0,0208811860513677;"RO";"green";1;"EU"
"EU";2012;0,0179791441927364;"MT";"green";1;"EU"
"RS";2012;0,0179791441927364;"RS";"lightblue";1;"RS"
"AM";2013;0,018772292096865;"AM";"lightblue";1;"AM"
"CL";2012;0,0179791441927364;"CL";"lightblue";1;"CL"
"GE";2013;0,018772292096865;"GE";"lightblue";1;"GE"
"EU";2013;0,018772292096865;"SI";"green";1;"EU"
"RS";2013;0,018772292096865;"RS";"lightblue";1;"RS"
"MX";2012;0,0179791441927364;"MX";"lightblue";1;"MX"
"IQ";2013;0,018772292096865;"IQ";"lightblue";1;"IQ"
"EG";2014;0,019712201852947;"EG";"lightblue";1;"EG"
"EU";2014;0,019712201852947;"MT";"green";1;"EU"
"SN";2015;0,0245098039215686;"SN";"lightblue";1;"SN"
"MA";2016;0,0252206809583859;"MA";"lightblue";1;"MA"
"BH";2015;0,0245098039215686;"BH";"lightblue";1;"BH"
"LK";2016;0,0252206809583859;"LK";"lightblue";1;"LK"
"EU";2015;0,0245098039215686;"LU";"green";1;"EU"
"ID";2016;0,0252206809583859;"ID";"lightblue";1;"ID"
"JO";2015;0,0245098039215686;"JO";"lightblue";1;"JO"
"VN";2016;0,0252206809583859;"VN";"lightblue";1;"VN"
"DZ";2016;0,0252206809583859;"DZ";"lightblue";1;"DZ"
"PA";2017;0,0248200546041201;"PA";"lightblue";1;"PA"
"EU";2017;0,0248200546041201;"EL";"green";1;"EU"
"EU";2018;0,0237022991230149;"EE";"green";1;"EU"
"IR";2017;0,0248200546041201;"IR";"lightblue";1;"IR"
"OM";2017;0,0248200546041201;"OM";"lightblue";1;"OM"
"PR";2017;0,0248200546041201;"PR";"lightblue";1;"PR"
"LK";2019;0,0233045910044279;"LK";"lightblue";1;"LK"
"EG";2017;0,0248200546041201;"EG";"lightblue";1;"EG"
"TH";2018;0,0237022991230149;"TH";"lightblue";1;"TH"
"AD";2018;0,0237022991230149;"AD";"lightblue";1;"AD"
"EU";2019;0,0233045910044279;"HR";"green";1;"EU"
"JO";2019;0,0233045910044279;"JO";"lightblue";1;"JO"
"CR";2020;0,0268240343347639;"CR";"lightblue";1;"CR"
"DZ";2020;0,0268240343347639;"DZ";"lightblue";1;"DZ"
"EU";2020;0,0268240343347639;"RO";"green";1;"EU"
"RS";2020;0,0268240343347639;"RS";"lightblue";1;"RS"
"AX";2020;0,0268240343347639;"AX";"lightblue";1;"AX"
"EU";2021;0,053850296176629;"RO";"green";1;"EU"
"NZ";2021;0,053850296176629;"NZ";"lightblue";1;"NZ"
"MK";2020;0,0268240343347639;"MK";"lightblue";1;"MK"
"NC";2013;0,018772292096865;"NC";"lightblue";1;"NC"
"PF";2013;0,018772292096865;"PF";"lightblue";1;"PF"
"MC";2013;0,018772292096865;"MC";"lightblue";1;"MC"
"EU";2015;0,0245098039215686;"SI";"green";1;"EU"
"EU";2020;0,0268240343347639;"BG";"green";1;"EU"
"BR";2008;0,048030739673391;"BR";"lightblue";1;"BR"
"EU";2011;0,0208811860513677;"IS";"green";1;"EU"
"EU";2012;0,0179791441927364;"IS";"green";1;"EU"
"BH";2009;0,033255736614566;"BH";"lightblue";1;"BH"
"EU";2009;0,033255736614566;"RO";"green";1;"EU"
"EU";2007;0,0598802395209581;"CY";"green";1;"EU"
"AR";2005;0,091324200913242;"AR";"lightblue";1;"AR"
"EU";2004;0,116959064327485;"HU";"green";1;"EU"
"EU";2006;0,0783085356303837;"PT";"green";1;"EU"
"EU";2005;0,091324200913242;"SK";"green";1;"EU"
"RS";2009;0,033255736614566;"RS";"lightblue";1;"RS"
"UA";2009;0,033255736614566;"UA";"lightblue";1;"UA"
"KZ";2010;0,0266453503863576;"KZ";"lightblue";1;"KZ"
"TN";2012;0,0179791441927364;"TN";"lightblue";1;"TN"
"EU";2011;0,0208811860513677;"CY";"green";1;"EU"
"KZ";2011;0,0208811860513677;"KZ";"lightblue";1;"KZ"
"EU";2012;0,0179791441927364;"HR";"green";1;"EU"
"AR";2012;0,0179791441927364;"AR";"lightblue";1;"AR"
"GI";2013;0,018772292096865;"GI";"lightblue";1;"GI"
"KZ";2012;0,0179791441927364;"KZ";"lightblue";1;"KZ"
"BA";2014;0,019712201852947;"BA";"lightblue";1;"BA"
"MO";2012;0,0179791441927364;"MO";"lightblue";1;"MO"
"AM";2014;0,019712201852947;"AM";"lightblue";1;"AM"
"ID";2014;0,019712201852947;"ID";"lightblue";1;"ID"
"MA";2014;0,019712201852947;"MA";"lightblue";1;"MA"
"VE";2014;0,019712201852947;"VE";"lightblue";1;"VE"
"CL";2013;0,018772292096865;"CL";"lightblue";1;"CL"
"AL";2015;0,0245098039215686;"AL";"lightblue";1;"AL"
"PE";2015;0,0245098039215686;"PE";"lightblue";1;"PE"
"DZ";2015;0,0245098039215686;"DZ";"lightblue";1;"DZ"
"EU";2016;0,0252206809583859;"EE";"green";1;"EU"
"PH";2017;0,0248200546041201;"PH";"lightblue";1;"PH"
"MO";2016;0,0252206809583859;"MO";"lightblue";1;"MO"
"EU";2017;0,0248200546041201;"HR";"green";1;"EU"
"KW";2016;0,0252206809583859;"KW";"lightblue";1;"KW"
"EU";2017;0,0248200546041201;"BG";"green";1;"EU"
"AR";2017;0,0248200546041201;"AR";"lightblue";1;"AR"
"PH";2019;0,0233045910044279;"PH";"lightblue";1;"PH"
"PE";2018;0,0237022991230149;"PE";"lightblue";1;"PE"
"EU";2019;0,0233045910044279;"PT";"green";1;"EU"
"ID";2018;0,0237022991230149;"ID";"lightblue";1;"ID"
"RS";2019;0,0233045910044279;"RS";"lightblue";1;"RS"
"AR";2019;0,0233045910044279;"AR";"lightblue";1;"AR"
"EU";2020;0,0268240343347639;"IS";"green";1;"EU"
"AM";2020;0,0268240343347639;"AM";"lightblue";1;"AM"
"TH";2017;0,0248200546041201;"TH";"lightblue";1;"TH"
"EU";2016;0,0252206809583859;"LU";"green";1;"EU"
"EU";2020;0,0268240343347639;"HR";"green";1;"EU"
"EU";2008;0,048030739673391;"LU";"green";1;"EU"
"TW";2005;0,091324200913242;"TW";"lightblue";1;"TW"
"PH";2004;0,116959064327485;"PH";"lightblue";1;"PH"
"ID";2005;0,091324200913242;"ID";"lightblue";1;"ID"
"PH";2005;0,091324200913242;"PH";"lightblue";1;"PH"
"ID";2006;0,0783085356303837;"ID";"lightblue";1;"ID"
"EU";2009;0,033255736614566;"SI";"green";1;"EU"
"TT";2010;0,0266453503863576;"TT";"lightblue";1;"TT"
"TT";2012;0,0179791441927364;"TT";"lightblue";1;"TT"
"TH";2014;0,019712201852947;"TH";"lightblue";1;"TH"
"IR";2019;0,0233045910044279;"IR";"lightblue";1;"IR"
"PH";2020;0,0268240343347639;"PH";"lightblue";1;"PH"
"EU";2021;0,053850296176629;"CZ";"green";1;"EU"
"EU";2021;0,053850296176629;"LT";"green";1;"EU"
"HK";2021;0,053850296176629;"HK";"lightblue";1;"HK"
"EU";2006;0,0783085356303837;"SK";"green";1;"EU"
"BY";2012;0,0179791441927364;"BY";"lightblue";1;"BY"
"EU";2014;0,019712201852947;"SI";"green";1;"EU"
"BY";2006;0,0783085356303837;"BY";"lightblue";1;"BY"
"GB";2005;0,091324200913242;"GB";"lightblue";1;"GB"
"TH";2010;0,0266453503863576;"TH";"lightblue";1;"TH"
"EU";2006;0,0783085356303837;"LI";"green";1;"EU"
"EU";2006;0,0783085356303837;"HR";"green";1;"EU"
"PE";2011;0,0208811860513677;"PE";"lightblue";1;"PE"
"EU";2014;0,019712201852947;"HR";"green";1;"EU"
"CO";2016;0,0252206809583859;"CO";"lightblue";1;"CO"
"UY";2017;0,0248200546041201;"UY";"lightblue";1;"UY"
"BN";2018;0,0237022991230149;"BN";"lightblue";1;"BN"
"EU";2019;0,0233045910044279;"SK";"green";1;"EU"
"AE";2017;0,0248200546041201;"AE";"lightblue";1;"AE"
"RS";2014;0,019712201852947;"RS";"lightblue";1;"RS"
"EU";2021;0,053850296176629;"HU";"green";1;"EU"
"EU";2005;0,091324200913242;"CZ";"green";1;"EU"
"EU";2006;0,0783085356303837;"HU";"green";1;"EU"
"UA";2011;0,0208811860513677;"UA";"lightblue";1;"UA"
"GE";2009;0,033255736614566;"GE";"lightblue";1;"GE"
"AR";2009;0,033255736614566;"AR";"lightblue";1;"AR"
"EU";2005;0,091324200913242;"LI";"green";1;"EU"
"EU";2005;0,091324200913242;"LU";"green";1;"EU"
"AM";2007;0,0598802395209581;"AM";"lightblue";1;"AM"
"EU";2004;0,116959064327485;"SI";"green";1;"EU"
"UA";2007;0,0598802395209581;"UA";"lightblue";1;"UA"
"UA";2008;0,048030739673391;"UA";"lightblue";1;"UA"
"LB";2005;0,091324200913242;"LB";"lightblue";1;"LB"
"GE";2006;0,0783085356303837;"GE";"lightblue";1;"GE"
"SA";2008;0,048030739673391;"SA";"lightblue";1;"SA"
"DZ";2009;0,033255736614566;"DZ";"lightblue";1;"DZ"
"MA";2009;0,033255736614566;"MA";"lightblue";1;"MA"
"EU";2010;0,0266453503863576;"EE";"green";1;"EU"
"AZ";2009;0,033255736614566;"AZ";"lightblue";1;"AZ"
"EU";2010;0,0266453503863576;"SK";"green";1;"EU"
"LB";2010;0,0266453503863576;"LB";"lightblue";1;"LB"
"BY";2011;0,0208811860513677;"BY";"lightblue";1;"BY"
"LB";2011;0,0208811860513677;"LB";"lightblue";1;"LB"
"AZ";2011;0,0208811860513677;"AZ";"lightblue";1;"AZ"
"TH";2012;0,0179791441927364;"TH";"lightblue";1;"TH"
"EU";2012;0,0179791441927364;"BG";"green";1;"EU"
"UA";2013;0,018772292096865;"UA";"lightblue";1;"UA"
"JM";2013;0,018772292096865;"JM";"lightblue";1;"JM"
"EU";2013;0,018772292096865;"LT";"green";1;"EU"
"AE";2013;0,018772292096865;"AE";"lightblue";1;"AE"
"TN";2013;0,018772292096865;"TN";"lightblue";1;"TN"
"EU";2015;0,0245098039215686;"BG";"green";1;"EU"
"GR";2014;0,019712201852947;"GR";"lightblue";1;"GR"
"PH";2014;0,019712201852947;"PH";"lightblue";1;"PH"
"KZ";2015;0,0245098039215686;"KZ";"lightblue";1;"KZ"
"BY";2015;0,0245098039215686;"BY";"lightblue";1;"BY"
"EU";2016;0,0252206809583859;"HR";"green";1;"EU"
"TN";2015;0,0245098039215686;"TN";"lightblue";1;"TN"
"CL";2016;0,0252206809583859;"CL";"lightblue";1;"CL"
"BN";2016;0,0252206809583859;"BN";"lightblue";1;"BN"
"PH";2016;0,0252206809583859;"PH";"lightblue";1;"PH"
"EU";2017;0,0248200546041201;"SI";"green";1;"EU"
"BA";2018;0,0237022991230149;"BA";"lightblue";1;"BA"
"EU";2017;0,0248200546041201;"LT";"green";1;"EU"
"TN";2017;0,0248200546041201;"TN";"lightblue";1;"TN"
"EU";2017;0,0248200546041201;"EE";"green";1;"EU"
"EU";2018;0,0237022991230149;"LT";"green";1;"EU"
"DZ";2018;0,0237022991230149;"DZ";"lightblue";1;"DZ"
"EC";2018;0,0237022991230149;"EC";"lightblue";1;"EC"
"IR";2018;0,0237022991230149;"IR";"lightblue";1;"IR"
"LA";2019;0,0233045910044279;"LA";"lightblue";1;"LA"
"EU";2019;0,0233045910044279;"LI";"green";1;"EU"
"VG";2019;0,0233045910044279;"VG";"lightblue";1;"VG"
"UG";2019;0,0233045910044279;"UG";"lightblue";1;"UG"
"EU";2019;0,0233045910044279;"CZ";"green";1;"EU"
"PE";2019;0,0233045910044279;"PE";"lightblue";1;"PE"
"SN";2021;0,053850296176629;"SN";"lightblue";1;"SN"
"KW";2020;0,0268240343347639;"KW";"lightblue";1;"KW"
"AZ";2015;0,0245098039215686;"AZ";"lightblue";1;"AZ"
"EU";2017;0,0248200546041201;"LU";"green";1;"EU"
"KZ";2018;0,0237022991230149;"KZ";"lightblue";1;"KZ"
"QA";2019;0,0233045910044279;"QA";"lightblue";1;"QA"
"QA";2020;0,0268240343347639;"QA";"lightblue";1;"QA"
"GB";2021;0,053850296176629;"GB";"lightblue";1;"GB"
"EU";2017;0,0248200546041201;"IS";"green";1;"EU"
"MA";2021;0,053850296176629;"MA";"lightblue";1;"MA"
"CL";2021;0,053850296176629;"CL";"lightblue";1;"CL"
"AN";2011;0,0208811860513677;"AN";"lightblue";1;"AN"
"DO";2009;0,033255736614566;"DO";"lightblue";1;"DO"
"KE";2015;0,0245098039215686;"KE";"lightblue";1;"KE"
"EU";2019;0,0233045910044279;"RO";"green";1;"EU"
"UA";2019;0,0233045910044279;"UA";"lightblue";1;"UA"
"KE";2019;0,0233045910044279;"KE";"lightblue";1;"KE"
"EU";2021;0,053850296176629;"BG";"green";1;"EU"
"ME";2006;0,0783085356303837;"ME";"lightblue";1;"ME"
"VN";2015;0,0245098039215686;"VN";"lightblue";1;"VN"
"EU";2018;0,0237022991230149;"LI";"green";1;"EU"
"LK";2020;0,0268240343347639;"LK";"lightblue";1;"LK"
"MC";2021;0,053850296176629;"MC";"lightblue";1;"MC"
"UY";2020;0,0268240343347639;"UY";"lightblue";1;"UY"
"UA";2021;0,053850296176629;"UA";"lightblue";1;"UA"
